Resource Name,Service,Account,Region,api name,repo,PR submitted,Merged to Develop,Merged to Master,Deployed
SC-463814673255-pp-vnlfu7klakyv-EC2LambdaExecution-1EPVPYAOFUVT9,AWS IAM,governance-qa-logging,,aws-iam-list-roles,unknown,,,,
SC-463814673255-pp-vnlfu7klakyv-IAMLambdaExecution-1GVR8SZNELGQV,AWS IAM,governance-qa-logging,,aws-iam-list-roles,unknown,,,,
AVMBootstrapRole,AWS IAM,Governance-QA-ServiceCatalog,,aws-iam-list-roles,account-bootstrap-shared,10/13/21,10/26/21,10/27/21,10/27/21
AVMBootstrapRoleCustom,AWS IAM,Governance-QA-ServiceCatalog,,aws-iam-list-roles,account-bootstrap-shared,10/13/21,10/26/21,10/27/21,10/27/21
SC-357940840310-pp-qhxfrk-BootstrapperProjectCusto-1UX8JKQKQ5EVB,AWS Lambda,Governance-QA-ServiceCatalog,AWS Virginia,aws-lambda-list-functions,account-bootstrap-shared,10/13/21,10/26/21,10/27/21,10/27/21
AVMOrgBootstrapRole,AWS IAM,mxr-governance-qa-master,,aws-iam-list-roles,account-bootstrap-shared-org-bootstrap,10/13/21,10/26/21,10/27/21,10/27/21
AVMCFHHandlerRole,AWS IAM,mxr-governance-qa-master,,aws-iam-list-roles,account-creation-notifier-cfh-handler,10/14/21,,,
SC-507315982361-pp-k6f5lv6j4glf-CFHHandlerFunction-THMPS0ZGYAFE,AWS Lambda,mxr-governance-qa-master,AWS Virginia,aws-lambda-list-functions,account-creation-notifier-cfh-handler,10/14/21,,,
SC-357940840310-pp-n2iry7-AccountCustomResourceRol-1D6Q28TUUE9BU,AWS IAM,Governance-QA-ServiceCatalog,,aws-iam-list-roles,account-creation-shared,10/18/21,,,
SC-357940840310-pp-n2iry7gyx-AccountCustomResource-1TJXIBMQ2KRBF,AWS Lambda,Governance-QA-ServiceCatalog,AWS Virginia,aws-lambda-list-functions,account-creation-shared,10/18/21,,,
AVMOrgAccountCreationRole,AWS IAM,mxr-governance-qa-master,,aws-iam-list-roles,account-creation-shared-org-bootstrap,,,,
account-details-to-aws-account-id,AWS Lambda,Governance-QA-ServiceCatalog,AWS Virginia,aws-lambda-list-functions,account-details,10/18/21,,,
AVMAccountQueryRole,AWS IAM,Governance-QA-ServiceCatalog,,aws-iam-list-roles,account-details ,10/18/21,,,
AVMOrgAccountQueryRole,AWS IAM,mxr-governance-qa-master,,aws-iam-list-roles,account-details-org-bootstrap,,,,
account-type-to-organizational-unit-id,AWS Lambda,Governance-QA-ServiceCatalog,AWS Virginia,aws-lambda-list-functions,account-type-to-organizational-unit-chooser,10/28/21,,,
AVMAccountOUQueryRole,AWS IAM,Governance-QA-ServiceCatalog,,aws-iam-list-roles,account-type-to-organizational-unit-chooser,10/28/21,,,
SC-357940840310-pp-d7jo4x-AccountWaiterCodeBuildPr-GFQ7S66OUP5B,AWS IAM,Governance-QA-ServiceCatalog,,aws-iam-list-roles,account-waiter,10/18/21,,,
SC-357940840310-pp-d7jo4x-AccountWaiterCustomResou-A9QKSO2GLFNU,AWS IAM,Governance-QA-ServiceCatalog,,aws-iam-list-roles,account-waiter,10/18/21,,,
SC-357940840310-pp-d7jo4x-AccountWaiterCustomResou-1UMYV7IBGMNEY,AWS Lambda,Governance-QA-ServiceCatalog,AWS Virginia,aws-lambda-list-functions,account-waiter,10/18/21,,,
SC-384124098735-pp-ff2cogu3ktxso-ADIntegrationCluster-UNeDHgA2xwXH,Amazon ECS,governance-qa-inventory,AWS Virginia,aws-ecs-cluster,active-directory-integration,Geoffrey/Daniel,,,
SC-384124098735-pp-hovmy4ivptluw-ADIntegrationCluster-DppQcohG4sIw,Amazon ECS,governance-qa-inventory,AWS Virginia,aws-ecs-cluster,active-directory-integration,Geoffrey/Daniel,,,
SC-38-ADInt-1AIZ2RSKFVW3L,Amazon Elastic Load Balancing,governance-qa-inventory,AWS Virginia,aws-elbv2-describe-load-balancers,active-directory-integration,Geoffrey/Daniel,,,
SC-38-ADInt-1QTV2XNPQIQUQ,Amazon Elastic Load Balancing,governance-qa-inventory,AWS Virginia,aws-elbv2-describe-load-balancers,active-directory-integration,Geoffrey/Daniel,,,
SC-384124098735-pp-ff2cogu3ktxso-ECSSecurityGroup-1WFO5TQ27FJ7I,Amazon VPC,governance-qa-inventory,AWS Virginia,aws-ec2-describe-security-groups,active-directory-integration,Geoffrey/Daniel,,,
SC-384124098735-pp-hovmy4ivptluw-ECSSecurityGroup-VAH90PQXRT0U,Amazon VPC,governance-qa-inventory,AWS Virginia,aws-ec2-describe-security-groups,active-directory-integration,Geoffrey/Daniel,,,
SC-384124098735-pp-ff2cog-ADLoggingAPIFunctionExec-1JQZNQPSM45JR,AWS IAM,governance-qa-inventory,,aws-iam-list-roles,active-directory-integration,Geoffrey/Daniel,,,
SC-384124098735-pp-ff2cog-ApiGatewayCloudwatchRole-3JHDI1FHF0WC,AWS IAM,governance-qa-inventory,,aws-iam-list-roles,active-directory-integration,Geoffrey/Daniel,,,
SC-384124098735-pp-ff2cogu3kt-EcsTaskExecutionRole-1XZMVK86S52BF,AWS IAM,governance-qa-inventory,,aws-iam-list-roles,active-directory-integration,Geoffrey/Daniel,,,
SC-384124098735-pp-ff2cogu3ktxso-LambdaAccessRole-2NWMCIPZ84EJ,AWS IAM,governance-qa-inventory,,aws-iam-list-roles,active-directory-integration,Geoffrey/Daniel,,,
SC-384124098735-pp-hovmy4-ADLoggingAPIFunctionExec-14A9B08LJEUXH,AWS IAM,governance-qa-inventory,,aws-iam-list-roles,active-directory-integration,Geoffrey/Daniel,,,
SC-384124098735-pp-hovmy4-ApiGatewayCloudwatchRole-CSIOYH9B9MR6,AWS IAM,governance-qa-inventory,,aws-iam-list-roles,active-directory-integration,Geoffrey/Daniel,,,
SC-384124098735-pp-hovmy4ivpt-EcsTaskExecutionRole-1WFHMJOINJCCW,AWS IAM,governance-qa-inventory,,aws-iam-list-roles,active-directory-integration,Geoffrey/Daniel,,,
SC-384124098735-pp-hovmy4ivptluw-LambdaAccessRole-M280TGNJJ2O6,AWS IAM,governance-qa-inventory,,aws-iam-list-roles,active-directory-integration,Geoffrey/Daniel,,,
SC-384124098735-pp-ff2cogu3ktxso-WarmerFunction-1IBVK5SMOX2PK,AWS Lambda,governance-qa-inventory,AWS Virginia,aws-lambda-list-functions,active-directory-integration,Geoffrey/Daniel,,,
SC-384124098735-pp-hovmy4ivptluw-WarmerFunction-SWQ45LNETFIA,AWS Lambda,governance-qa-inventory,AWS Virginia,aws-lambda-list-functions,active-directory-integration,Geoffrey/Daniel,,,
SC-384124098735-pp-ff2cogu3ktxso-ADIntegrationService-VaQse2iZE8zd,Amazon ECS,governance-qa-inventory,AWS Virginia,aws-ecs-service,active-directory-integration-fargate ,Geoffrey/Daniel,,,
SC-384124098735-pp-hovmy4ivptluw-ADIntegrationService-fFlNGFUc9ZMa,Amazon ECS,governance-qa-inventory,AWS Virginia,aws-ecs-service,active-directory-integration-fargate ,Geoffrey/Daniel,,,
SC-384124098735-pp-irp3n5-AWSAccountTrackingReport-FKK8JOGQISOO,AWS Lambda,governance-qa-inventory,AWS Virginia,aws-lambda-list-functions,aws-account-tracking-report,10/18/21,,,
SC-384124098735-pp-irp3n5oidgom6-LambdaAccessRole-IF07HSAPX5V9,AWS IAM,governance-qa-inventory,,aws-iam-list-roles,aws-account-tracking-report,10/18/21,,,
AggregatorProvisioner-IAMLambdaExecutionRole,AWS IAM,governance-qa-sandbox,,aws-iam-list-roles,aws-config-aggregator-provisioner,yaml up to date?,,,
AggregatorProvisionerQA1-AggregatorProvisioner-ZMDSr5TQUdkC,AWS Lambda,governance-qa-sandbox,AWS Virginia,aws-lambda-list-functions,aws-config-aggregator-provisioner,yaml up to date?,,,
SC-574485822635-pp-kxpcjg-CloudCustodianCodeBuildR-1Q4YVVS4F21O0,AWS IAM,mxr-governance-qa-sectools,,aws-iam-list-roles,cloud-custodian-hub,10/18/21,,,
SC-574485822635-pp-kxpcjg-CloudCustodianDeployment-SQ1RHXINLRK2,AWS IAM,mxr-governance-qa-sectools,,aws-iam-list-roles,cloud-custodian-hub,10/18/21,,,
CloudtrailLogsRole,AWS IAM,governance-qa-decipher,,aws-iam-list-roles,cloudtrail-provisioner,10/8/21,10/26/21,10/27/21,10/27/21
mxr-governance-global-cloudtrail-853743924121,AWS CloudTrail,governance-qa-decipher,AWS Virginia,aws-cloudtrail-describe-trails,cloudtrail-provisioner,10/8/21,10/26/21,10/27/21,10/27/21
CloudtrailLogsRole,AWS IAM,governance-qa-inventory,,aws-iam-list-roles,cloudtrail-provisioner,10/8/21,10/26/21,10/27/21,10/27/21
mxr-governance-global-cloudtrail-384124098735,AWS CloudTrail,governance-qa-inventory,AWS Virginia,aws-cloudtrail-describe-trails,cloudtrail-provisioner,10/8/21,10/26/21,10/27/21,10/27/21
CloudtrailLogsRole,AWS IAM,governance-qa-logging,,aws-iam-list-roles,cloudtrail-provisioner,10/8/21,10/26/21,10/27/21,10/27/21
mxr-governance-global-cloudtrail-463814673255,AWS CloudTrail,governance-qa-logging,AWS Virginia,aws-cloudtrail-describe-trails,cloudtrail-provisioner,10/8/21,10/26/21,10/27/21,10/27/21
CloudtrailLogsRole,AWS IAM,governance-qa-logging-govcloud,,aws-iam-list-roles,cloudtrail-provisioner,10/8/21,10/26/21,10/27/21,10/27/21
mxr-governance-global-cloudtrail-632222446329,AWS CloudTrail,governance-qa-logging-govcloud,AWS Virginia,aws-cloudtrail-describe-trails,cloudtrail-provisioner,10/8/21,10/26/21,10/27/21,10/27/21
CloudtrailLogsRole,AWS IAM,governance-qa-sandbox,,aws-iam-list-roles,cloudtrail-provisioner,10/8/21,10/26/21,10/27/21,10/27/21
mxr-governance-global-cloudtrail-903175335064,AWS CloudTrail,governance-qa-sandbox,AWS Virginia,aws-cloudtrail-describe-trails,cloudtrail-provisioner,10/8/21,10/26/21,10/27/21,10/27/21
CloudtrailLogsRole,AWS IAM,governance-qa-sectools-govcloud,,aws-iam-list-roles,cloudtrail-provisioner,10/8/21,10/26/21,10/27/21,10/27/21
mxr-governance-global-cloudtrail-257243945228,AWS CloudTrail,governance-qa-sectools-govcloud,AWS Virginia,aws-cloudtrail-describe-trails,cloudtrail-provisioner,10/8/21,10/26/21,10/27/21,10/27/21
CloudtrailLogsRole,AWS IAM,Governance-QA-ServiceCatalog,,aws-iam-list-roles,cloudtrail-provisioner,10/8/21,10/26/21,10/27/21,10/27/21
mxr-governance-cloudtrail-provisioner,AWS Lambda,Governance-QA-ServiceCatalog,AWS Virginia,aws-lambda-list-functions,cloudtrail-provisioner,10/8/21,10/26/21,10/27/21,10/27/21
mxr-governance-global-cloudtrail-357940840310,AWS CloudTrail,Governance-QA-ServiceCatalog,AWS Virginia,aws-cloudtrail-describe-trails,cloudtrail-provisioner,10/8/21,10/26/21,10/27/21,10/27/21
SC-357940840310-pp-2agpy6-CloudtrailProvisionerRol-1DYKI1E4HENMA,AWS IAM,Governance-QA-ServiceCatalog,,aws-iam-list-roles,cloudtrail-provisioner,10/8/21,10/26/21,10/27/21,10/27/21
CloudtrailLogsRole,AWS IAM,governance-qa-tools,,aws-iam-list-roles,cloudtrail-provisioner,10/8/21,10/26/21,10/27/21,10/27/21
mxr-governance-global-cloudtrail-264426855184,AWS CloudTrail,governance-qa-tools,AWS Virginia,aws-cloudtrail-describe-trails,cloudtrail-provisioner,10/8/21,10/26/21,10/27/21,10/27/21
CloudtrailLogsRole,AWS IAM,mxr-governance-qa-master,,aws-iam-list-roles,cloudtrail-provisioner,10/8/21,10/26/21,10/27/21,10/27/21
mxr-governance-global-cloudtrail-507315982361,AWS CloudTrail,mxr-governance-qa-master,AWS Virginia,aws-cloudtrail-describe-trails,cloudtrail-provisioner,10/8/21,10/26/21,10/27/21,10/27/21
CloudtrailLogsRole,AWS IAM,mxr-governance-qa-sectools,,aws-iam-list-roles,cloudtrail-provisioner,10/8/21,10/26/21,10/27/21,10/27/21
mxr-governance-global-cloudtrail-574485822635,AWS CloudTrail,mxr-governance-qa-sectools,AWS Virginia,aws-cloudtrail-describe-trails,cloudtrail-provisioner,10/8/21,10/26/21,10/27/21,10/27/21
AWSGlueServiceRole-S3Decypher,AWS IAM,governance-qa-decipher,,aws-iam-list-roles,decipher,skip,,,
AWSInvoiceInfoAccess,AWS IAM,governance-qa-decipher,,aws-iam-list-roles,decipher,skip,,,
aws-quicksight-s3-consumers-role-v0,AWS IAM,governance-qa-decipher,,aws-iam-list-roles,decipher,skip,,,
aws-quicksight-service-role-v0,AWS IAM,governance-qa-decipher,,aws-iam-list-roles,decipher,skip,,,
cdp_role,AWS IAM,governance-qa-decipher,,aws-iam-list-roles,decipher,skip,,,
check_for_invoices,AWS Lambda,governance-qa-decipher,AWS Virginia,aws-lambda-list-functions,decipher,skip,,,
combine_allocation_processor,AWS Lambda,governance-qa-decipher,AWS Virginia,aws-lambda-list-functions,decipher,skip,,,
combine_custom_rules,AWS Lambda,governance-qa-decipher,AWS Virginia,aws-lambda-list-functions,decipher,skip,,,
content_hub_allocation_processor,AWS Lambda,governance-qa-decipher,AWS Virginia,aws-lambda-list-functions,decipher,skip,,,
create_bu_report,AWS Lambda,governance-qa-decipher,AWS Virginia,aws-lambda-list-functions,decipher,skip,,,
cur_data_replication,AWS Lambda,governance-qa-decipher,AWS Virginia,aws-lambda-list-functions,decipher,skip,,,
cur_replication_role,AWS IAM,governance-qa-decipher,,aws-iam-list-roles,decipher,skip,,,
cure,AWS IAM,governance-qa-decipher,,aws-iam-saml-provider,decipher,skip,,,
CureSSO,AWS IAM,governance-qa-decipher,,aws-iam-list-roles,decipher,skip,,,
custom_allocation_processor,AWS Lambda,governance-qa-decipher,AWS Virginia,aws-lambda-list-functions,decipher,skip,,,
custom_rule_executor,AWS Lambda,governance-qa-decipher,AWS Virginia,aws-lambda-list-functions,decipher,skip,,,
default_allocations,AWS Lambda,governance-qa-decipher,AWS Virginia,aws-lambda-list-functions,decipher,skip,,,
EventBridge_Invoke_Amortization_Step_Functions,AWS IAM,governance-qa-decipher,,aws-iam-list-roles,decipher,skip,,,
EventBridge_Invoke_Invoice_Step_Functions,AWS IAM,governance-qa-decipher,,aws-iam-list-roles,decipher,skip,,,
final_to_excel,AWS Lambda,governance-qa-decipher,AWS Virginia,aws-lambda-list-functions,decipher,skip,,,
finalize_default_allocations,AWS Lambda,governance-qa-decipher,AWS Virginia,aws-lambda-list-functions,decipher,skip,,,
gbdx_allocation_processor,AWS Lambda,governance-qa-decipher,AWS Virginia,aws-lambda-list-functions,decipher,skip,,,
get_custom_rules,AWS Lambda,governance-qa-decipher,AWS Virginia,aws-lambda-list-functions,decipher,skip,,,
InventoryCureExportAccessRole,AWS IAM,governance-qa-decipher,,aws-iam-list-roles,decipher,skip,,,
InventoryQuickSightAccessRole,AWS IAM,governance-qa-decipher,,aws-iam-list-roles,decipher,skip,,,
launch_invoice_sf,AWS Lambda,governance-qa-decipher,AWS Virginia,aws-lambda-list-functions,decipher,skip,,,
populate_allocation_datastore,AWS Lambda,governance-qa-decipher,AWS Virginia,aws-lambda-list-functions,decipher,skip,,,
prepare_allocation_run,AWS Lambda,governance-qa-decipher,AWS Virginia,aws-lambda-list-functions,decipher,skip,,,
process_default_allocations,AWS Lambda,governance-qa-decipher,AWS Virginia,aws-lambda-list-functions,decipher,skip,,,
process_edp_and_support,AWS Lambda,governance-qa-decipher,AWS Virginia,aws-lambda-list-functions,decipher,skip,,,
QSAuthor,AWS IAM,governance-qa-decipher,,aws-iam-list-roles,decipher,skip,,,
QSReader,AWS IAM,governance-qa-decipher,,aws-iam-list-roles,decipher,skip,,,
QuickSightOktaFederatedRole,AWS IAM,governance-qa-decipher,,aws-iam-list-roles,decipher,skip,,,
rule_verifier,AWS Lambda,governance-qa-decipher,AWS Virginia,aws-lambda-list-functions,decipher,skip,,,
send_decipher_error,AWS Lambda,governance-qa-decipher,AWS Virginia,aws-lambda-list-functions,decipher,skip,,,
send_decipher_file,AWS Lambda,governance-qa-decipher,AWS Virginia,aws-lambda-list-functions,decipher,skip,,,
StepFunctions-CostAllocationAmortization-role,AWS IAM,governance-qa-decipher,,aws-iam-list-roles,decipher,skip,,,
StepFunctions-CostAllocationInvoice-role,AWS IAM,governance-qa-decipher,,aws-iam-list-roles,decipher,skip,,,
DeleteDefaultNetworking,AWS Lambda,governance-qa-decipher,AWS Virginia,aws-lambda-list-functions,delete-default-networking,yaml up to date? / Sam,,,
DeleteDefaultVPCLambdaExecution,AWS IAM,governance-qa-decipher,,aws-iam-list-roles,delete-default-networking,yaml up to date? / Sam,,,
DeleteDefaultNetworking,AWS Lambda,governance-qa-inventory,AWS Virginia,aws-lambda-list-functions,delete-default-networking,yaml up to date? / Sam,,,
DeleteDefaultNetworking,AWS Lambda,governance-qa-logging-govcloud,AWS Virginia,aws-lambda-list-functions,delete-default-networking,yaml up to date? / Sam,,,
DeleteDefaultVPCLambdaExecution ,AWS IAM,governance-qa-logging-govcloud,,aws-iam-list-roles,delete-default-networking,yaml up to date? / Sam,,,
DeleteDefaultNetworking,AWS Lambda,governance-qa-sandbox,AWS Virginia,aws-lambda-list-functions,delete-default-networking,yaml up to date? / Sam,,,
DeleteDefaultVPCLambdaExecution,AWS IAM,governance-qa-sandbox,,aws-iam-list-roles,delete-default-networking,yaml up to date? / Sam,,,
DeleteDefaultNetworking,AWS Lambda,governance-qa-sectools-govcloud,AWS Virginia,aws-lambda-list-functions,delete-default-networking,yaml up to date? / Sam,,,
DeleteDefaultVPCLambdaExecution,AWS IAM,governance-qa-sectools-govcloud,,aws-iam-list-roles,delete-default-networking,yaml up to date? / Sam,,,
DeleteDefaultNetworking,AWS Lambda,Governance-QA-ServiceCatalog,AWS Virginia,aws-lambda-list-functions,delete-default-networking,yaml up to date? / Sam,,,
DeleteDefaultVPCLambdaExecution,AWS IAM,Governance-QA-ServiceCatalog,,aws-iam-list-roles,delete-default-networking,yaml up to date? / Sam,,,
DeleteDefaultNetworking,AWS Lambda,mxr-governance-qa-master,AWS Virginia,aws-lambda-list-functions,delete-default-networking,yaml up to date? / Sam,,,
DeleteDefaultVPCLambdaExecution,AWS IAM,mxr-governance-qa-master,,aws-iam-list-roles,delete-default-networking,yaml up to date? / Sam,,,
DeleteDefaultNetworking,AWS Lambda,mxr-governance-qa-sectools,AWS Virginia,aws-lambda-list-functions,delete-default-networking,yaml up to date? / Sam,,,
DeleteDefaultVPCLambdaExecution,AWS IAM,mxr-governance-qa-sectools,,aws-iam-list-roles,delete-default-networking,yaml up to date? / Sam,,,
/maxar-governance/drawbridge/default/ec2,AWS Systems Manager,governance-qa-logging,AWS Virginia,aws-ssm-parameter,drawbridge,10/15/21,,,
/maxar-governance/drawbridge/default/iam,AWS Systems Manager,governance-qa-logging,AWS Virginia,aws-ssm-parameter,drawbridge,10/15/21,,,
/maxar-governance/drawbridge/default/notifications,AWS Systems Manager,governance-qa-logging,AWS Virginia,aws-ssm-parameter,drawbridge,10/15/21,,,
SC-463814673255-pp-vnlfu7klakyvi-IAMUpdater-D62oW4AIyiE8,AWS Lambda,governance-qa-logging,AWS Virginia,aws-lambda-list-functions,drawbridge,10/15/21,,,
SC-463814673255-pp-vnlfu7klakyvi-SGUpdater-aoI0uUyQ731p,AWS Lambda,governance-qa-logging,AWS Virginia,aws-lambda-list-functions,drawbridge,10/15/21,,,
/maxar-governance/drawbridge/default/ec2,AWS Systems Manager,governance-qa-sandbox,AWS Virginia,aws-ssm-parameter,drawbridge,10/15/21,,,
/maxar-governance/drawbridge/default/iam,AWS Systems Manager,governance-qa-sandbox,AWS Virginia,aws-ssm-parameter,drawbridge,10/15/21,,,
/maxar-governance/drawbridge/default/notifications,AWS Systems Manager,governance-qa-sandbox,AWS Virginia,aws-ssm-parameter,drawbridge,10/15/21,,,
SC-903175335064-pp-2ije4zcsdz6c4-S3LambdaExecution-1MDNT0VG485W5,AWS IAM,governance-qa-sandbox,,aws-iam-list-roles,drawbridge,10/15/21,,,
SC-903175335064-pp-2ije4zcsdz6c-EC2LambdaExecution-IF107K3R8D99,AWS IAM,governance-qa-sandbox,,aws-iam-list-roles,drawbridge,10/15/21,,,
SC-903175335064-pp-2ije4zcsdz6c-IAMLambdaExecution-5HR9YCGNH7BX,AWS IAM,governance-qa-sandbox,,aws-iam-list-roles,drawbridge,10/15/21,,,
SC-903175335064-pp-2ije4zcsdz6c4-IAMUpdater-I0N7G21B88K,AWS Lambda,governance-qa-sandbox,AWS Virginia,aws-lambda-list-functions,drawbridge,10/15/21,,,
SC-903175335064-pp-2ije4zcsdz6c4-S3Updater-DJK5ZVPY4O3O,AWS Lambda,governance-qa-sandbox,AWS Virginia,aws-lambda-list-functions,drawbridge,10/15/21,,,
SC-903175335064-pp-2ije4zcsdz6c4-SGUpdater-R3QAR61G352F,AWS Lambda,governance-qa-sandbox,AWS Virginia,aws-lambda-list-functions,drawbridge,10/15/21,,,
ErmeticReadRole,AWS IAM,governance-qa-sandbox,,aws-iam-list-roles,ermetic-role,yaml up to date?,,,
ErmeticReadRole,AWS IAM,governance-qa-sectools-govcloud,,aws-iam-list-roles,ermetic-role,yaml up to date?,,,
Governance-github-action-workflow,AWS IAM,governance-qa-sandbox,,aws-iam-list-roles,github-action-role,10/18/21,,,
Governance-github-action-workflow,AWS IAM,mxr-governance-qa-sectools,,aws-iam-list-roles,github-action-role,10/18/21,,,
xaccount-ExabeamConnectorRole,AWS IAM,governance-qa-decipher,,aws-iam-list-roles,governance-exabeam-permissions,10/15/21,,,
xaccount-ExabeamConnectorRole,AWS IAM,governance-qa-inventory,,aws-iam-list-roles,governance-exabeam-permissions,10/15/21,,,
xaccount-ExabeamConnectorRole,AWS IAM,governance-qa-logging,,aws-iam-list-roles,governance-exabeam-permissions,10/15/21,,,
xaccount-ExabeamConnectorRole,AWS IAM,governance-qa-logging-govcloud,,aws-iam-list-roles,governance-exabeam-permissions,10/15/21,,,
xaccount-ExabeamConnectorRole,AWS IAM,governance-qa-sandbox,,aws-iam-list-roles,governance-exabeam-permissions,10/15/21,,,
xaccount-ExabeamConnectorRole,AWS IAM,governance-qa-sectools-govcloud,,aws-iam-list-roles,governance-exabeam-permissions,10/15/21,,,
xaccount-ExabeamConnectorRole,AWS IAM,Governance-QA-ServiceCatalog,,aws-iam-list-roles,governance-exabeam-permissions,10/15/21,,,
xaccount-ExabeamConnectorRole,AWS IAM,governance-qa-tools,,aws-iam-list-roles,governance-exabeam-permissions,10/15/21,,,
xaccount-ExabeamConnectorRole,AWS IAM,mxr-governance-qa-master,,aws-iam-list-roles,governance-exabeam-permissions,10/15/21,,,
xaccount-ExabeamConnectorRole,AWS IAM,mxr-governance-qa-sectools,,aws-iam-list-roles,governance-exabeam-permissions,10/15/21,,,
Admins,AWS IAM,governance-qa-decipher,,aws-iam-list-groups,governance-mfa-policy,10/12/21,10/26/21,10/27/21,10/27/21
MFAGroup,AWS IAM,governance-qa-decipher,,aws-iam-list-groups,governance-mfa-policy,10/12/21,10/26/21,10/27/21,10/27/21
Admins,AWS IAM,governance-qa-inventory,,aws-iam-list-groups,governance-mfa-policy,10/12/21,10/26/21,10/27/21,10/27/21
MFAGroup,AWS IAM,governance-qa-inventory,,aws-iam-list-groups,governance-mfa-policy,10/12/21,10/26/21,10/27/21,10/27/21
Admins,AWS IAM,governance-qa-logging,,aws-iam-list-groups,governance-mfa-policy,10/12/21,10/26/21,10/27/21,10/27/21
MFAGroup,AWS IAM,governance-qa-logging,,aws-iam-list-groups,governance-mfa-policy,10/12/21,10/26/21,10/27/21,10/27/21
Admins,AWS IAM,governance-qa-logging-govcloud,,aws-iam-list-groups,governance-mfa-policy,10/12/21,10/26/21,10/27/21,10/27/21
MFAGroup,AWS IAM,governance-qa-logging-govcloud,,aws-iam-list-groups,governance-mfa-policy,10/12/21,10/26/21,10/27/21,10/27/21
Admins,AWS IAM,governance-qa-sandbox,,aws-iam-list-groups,governance-mfa-policy,10/12/21,10/26/21,10/27/21,10/27/21
MFAGroup,AWS IAM,governance-qa-sandbox,,aws-iam-list-groups,governance-mfa-policy,10/12/21,10/26/21,10/27/21,10/27/21
Admins,AWS IAM,governance-qa-sectools-govcloud,,aws-iam-list-groups,governance-mfa-policy,10/12/21,10/26/21,10/27/21,10/27/21
MFAGroup,AWS IAM,governance-qa-sectools-govcloud,,aws-iam-list-groups,governance-mfa-policy,10/12/21,10/26/21,10/27/21,10/27/21
Admins,AWS IAM,Governance-QA-ServiceCatalog,,aws-iam-list-groups,governance-mfa-policy,10/12/21,10/26/21,10/27/21,10/27/21
MFAGroup,AWS IAM,Governance-QA-ServiceCatalog,,aws-iam-list-groups,governance-mfa-policy,10/12/21,10/26/21,10/27/21,10/27/21
Admins,AWS IAM,governance-qa-tools,,aws-iam-list-groups,governance-mfa-policy,10/12/21,10/26/21,10/27/21,10/27/21
MFAGroup,AWS IAM,governance-qa-tools,,aws-iam-list-groups,governance-mfa-policy,10/12/21,10/26/21,10/27/21,10/27/21
Admins,AWS IAM,mxr-governance-qa-master,,aws-iam-list-groups,governance-mfa-policy,10/12/21,10/26/21,10/27/21,10/27/21
MFAGroup,AWS IAM,mxr-governance-qa-master,,aws-iam-list-groups,governance-mfa-policy,10/12/21,10/26/21,10/27/21,10/27/21
power-user-role,AWS IAM,governance-qa-decipher,,aws-iam-list-roles,governance-mfa-policy,10/12/21,10/26/21,10/27/21,10/27/21
power-user-role,AWS IAM,governance-qa-inventory,,aws-iam-list-roles,governance-mfa-policy,10/12/21,10/26/21,10/27/21,10/27/21
power-user-role,AWS IAM,governance-qa-logging,,aws-iam-list-roles,governance-mfa-policy,10/12/21,10/26/21,10/27/21,10/27/21
power-user-role,AWS IAM,governance-qa-logging-govcloud,,aws-iam-list-roles,governance-mfa-policy,10/12/21,10/26/21,10/27/21,10/27/21
power-user-role,AWS IAM,governance-qa-sandbox,,aws-iam-list-roles,governance-mfa-policy,10/12/21,10/26/21,10/27/21,10/27/21
power-user-role,AWS IAM,governance-qa-sectools-govcloud,,aws-iam-list-roles,governance-mfa-policy,10/12/21,10/26/21,10/27/21,10/27/21
power-user-role,AWS IAM,Governance-QA-ServiceCatalog,,aws-iam-list-roles,governance-mfa-policy,10/12/21,10/26/21,10/27/21,10/27/21
power-user-role,AWS IAM,governance-qa-tools,,aws-iam-list-roles,governance-mfa-policy,10/12/21,10/26/21,10/27/21,10/27/21
power-user-role,AWS IAM,mxr-governance-qa-master,,aws-iam-list-roles,governance-mfa-policy,10/12/21,10/26/21,10/27/21,10/27/21
power-user-role,AWS IAM,mxr-governance-qa-sectools,,aws-iam-list-roles,governance-mfa-policy,10/12/21,10/26/21,10/27/21,10/27/21
Admins,AWS IAM,mxr-governance-qa-sectools,,aws-iam-list-groups,governance-mfa-policy,10/12/21,10/26/21,10/27/21,10/27/21
MFAGroup,AWS IAM,mxr-governance-qa-sectools,,aws-iam-list-groups,governance-mfa-policy,10/12/21,10/26/21,10/27/21,10/27/21
Admins,AWS IAM,governance-qa-decipher,,aws-iam-list-roles,governance-okta-roles,10/14/21,10/26/21,10/27/21,10/27/21
PowerUsers,AWS IAM,governance-qa-decipher,,aws-iam-list-roles,governance-okta-roles,10/14/21,10/26/21,10/27/21,10/27/21
ReadOnly,AWS IAM,governance-qa-decipher,,aws-iam-list-roles,governance-okta-roles,10/14/21,10/26/21,10/27/21,10/27/21
Admins,AWS IAM,governance-qa-inventory,,aws-iam-list-roles,governance-okta-roles,10/14/21,10/26/21,10/27/21,10/27/21
PowerUsers,AWS IAM,governance-qa-inventory,,aws-iam-list-roles,governance-okta-roles,10/14/21,10/26/21,10/27/21,10/27/21
ReadOnly,AWS IAM,governance-qa-inventory,,aws-iam-list-roles,governance-okta-roles,10/14/21,10/26/21,10/27/21,10/27/21
Admins,AWS IAM,governance-qa-logging,,aws-iam-list-roles,governance-okta-roles,10/14/21,10/26/21,10/27/21,10/27/21
PowerUsers,AWS IAM,governance-qa-logging,,aws-iam-list-roles,governance-okta-roles,10/14/21,10/26/21,10/27/21,10/27/21
ReadOnly,AWS IAM,governance-qa-logging,,aws-iam-list-roles,governance-okta-roles,10/14/21,10/26/21,10/27/21,10/27/21
Admins,AWS IAM,governance-qa-logging-govcloud,,aws-iam-list-roles,governance-okta-roles,10/14/21,10/26/21,10/27/21,10/27/21
PowerUsers,AWS IAM,governance-qa-logging-govcloud,,aws-iam-list-roles,governance-okta-roles,10/14/21,10/26/21,10/27/21,10/27/21
ReadOnly,AWS IAM,governance-qa-logging-govcloud,,aws-iam-list-roles,governance-okta-roles,10/14/21,10/26/21,10/27/21,10/27/21
Admins,AWS IAM,governance-qa-sandbox,,aws-iam-list-roles,governance-okta-roles,10/14/21,10/26/21,10/27/21,10/27/21
PowerUsers,AWS IAM,governance-qa-sandbox,,aws-iam-list-roles,governance-okta-roles,10/14/21,10/26/21,10/27/21,10/27/21
ReadOnly,AWS IAM,governance-qa-sandbox,,aws-iam-list-roles,governance-okta-roles,10/14/21,10/26/21,10/27/21,10/27/21
Admins,AWS IAM,governance-qa-sectools-govcloud,,aws-iam-list-roles,governance-okta-roles,10/14/21,10/26/21,10/27/21,10/27/21
PowerUsers,AWS IAM,governance-qa-sectools-govcloud,,aws-iam-list-roles,governance-okta-roles,10/14/21,10/26/21,10/27/21,10/27/21
ReadOnly,AWS IAM,governance-qa-sectools-govcloud,,aws-iam-list-roles,governance-okta-roles,10/14/21,10/26/21,10/27/21,10/27/21
Admins,AWS IAM,Governance-QA-ServiceCatalog,,aws-iam-list-roles,governance-okta-roles,10/14/21,10/26/21,10/27/21,10/27/21
PowerUsers,AWS IAM,Governance-QA-ServiceCatalog,,aws-iam-list-roles,governance-okta-roles,10/14/21,10/26/21,10/27/21,10/27/21
ReadOnly,AWS IAM,Governance-QA-ServiceCatalog,,aws-iam-list-roles,governance-okta-roles,10/14/21,10/26/21,10/27/21,10/27/21
Admins,AWS IAM,governance-qa-tools,,aws-iam-list-roles,governance-okta-roles,10/14/21,10/26/21,10/27/21,10/27/21
PowerUsers,AWS IAM,governance-qa-tools,,aws-iam-list-roles,governance-okta-roles,10/14/21,10/26/21,10/27/21,10/27/21
ReadOnly,AWS IAM,governance-qa-tools,,aws-iam-list-roles,governance-okta-roles,10/14/21,10/26/21,10/27/21,10/27/21
Admins,AWS IAM,mxr-governance-qa-master,,aws-iam-list-roles,governance-okta-roles,10/14/21,10/26/21,10/27/21,10/27/21
PowerUsers,AWS IAM,mxr-governance-qa-master,,aws-iam-list-roles,governance-okta-roles,10/14/21,10/26/21,10/27/21,10/27/21
ReadOnly,AWS IAM,mxr-governance-qa-master,,aws-iam-list-roles,governance-okta-roles,10/14/21,10/26/21,10/27/21,10/27/21
Admins,AWS IAM,mxr-governance-qa-sectools,,aws-iam-list-roles,governance-okta-roles,10/14/21,10/26/21,10/27/21,10/27/21
PowerUsers,AWS IAM,mxr-governance-qa-sectools,,aws-iam-list-roles,governance-okta-roles,10/14/21,10/26/21,10/27/21,10/27/21
ReadOnly,AWS IAM,mxr-governance-qa-sectools,,aws-iam-list-roles,governance-okta-roles,10/14/21,10/26/21,10/27/21,10/27/21
xaccount-Governance,AWS IAM,governance-qa-decipher,,aws-iam-list-roles,governance-roles,10/7/21,10/26/21,10/27/21,10/27/21
xaccount-Governance-ReadOnly,AWS IAM,governance-qa-decipher,,aws-iam-list-roles,governance-roles,10/7/21,10/26/21,10/27/21,10/27/21
xaccount-Governance,AWS IAM,governance-qa-inventory,,aws-iam-list-roles,governance-roles,10/7/21,10/26/21,10/27/21,10/27/21
xaccount-Governance-ReadOnly,AWS IAM,governance-qa-inventory,,aws-iam-list-roles,governance-roles,10/7/21,10/26/21,10/27/21,10/27/21
xaccount-Governance,AWS IAM,governance-qa-logging,,aws-iam-list-roles,governance-roles,10/7/21,10/26/21,10/27/21,10/27/21
xaccount-Governance-ReadOnly,AWS IAM,governance-qa-logging,,aws-iam-list-roles,governance-roles,10/7/21,10/26/21,10/27/21,10/27/21
xaccount-Governance,AWS IAM,governance-qa-logging-govcloud,,aws-iam-list-roles,governance-roles,10/7/21,10/26/21,10/27/21,10/27/21
xaccount-Governance-ReadOnly,AWS IAM,governance-qa-logging-govcloud,,aws-iam-list-roles,governance-roles,10/7/21,10/26/21,10/27/21,10/27/21
xaccount-Governance,AWS IAM,governance-qa-sandbox,,aws-iam-list-roles,governance-roles,10/7/21,10/26/21,10/27/21,10/27/21
xaccount-Governance-ReadOnly,AWS IAM,governance-qa-sandbox,,aws-iam-list-roles,governance-roles,10/7/21,10/26/21,10/27/21,10/27/21
xaccount-Governance,AWS IAM,governance-qa-sectools-govcloud,,aws-iam-list-roles,governance-roles,10/7/21,10/26/21,10/27/21,10/27/21
xaccount-Governance-ReadOnly,AWS IAM,governance-qa-sectools-govcloud,,aws-iam-list-roles,governance-roles,10/7/21,10/26/21,10/27/21,10/27/21
xaccount-Governance,AWS IAM,Governance-QA-ServiceCatalog,,aws-iam-list-roles,governance-roles,10/7/21,10/26/21,10/27/21,10/27/21
xaccount-Governance-ReadOnly,AWS IAM,Governance-QA-ServiceCatalog,,aws-iam-list-roles,governance-roles,10/7/21,10/26/21,10/27/21,10/27/21
xaccount-Governance,AWS IAM,governance-qa-tools,,aws-iam-list-roles,governance-roles,10/7/21,10/26/21,10/27/21,10/27/21
xaccount-Governance-ReadOnly,AWS IAM,governance-qa-tools,,aws-iam-list-roles,governance-roles,10/7/21,10/26/21,10/27/21,10/27/21
xaccount-Governance,AWS IAM,mxr-governance-qa-master,,aws-iam-list-roles,governance-roles,10/7/21,10/26/21,10/27/21,10/27/21
xaccount-Governance-ReadOnly,AWS IAM,mxr-governance-qa-master,,aws-iam-list-roles,governance-roles,10/7/21,10/26/21,10/27/21,10/27/21
xaccount-Governance,AWS IAM,mxr-governance-qa-sectools,,aws-iam-list-roles,governance-roles,10/7/21,10/26/21,10/27/21,10/27/21
xaccount-Governance-ReadOnly,AWS IAM,mxr-governance-qa-sectools,,aws-iam-list-roles,governance-roles,10/7/21,10/26/21,10/27/21,10/27/21
SC-357940840310-pp-4ot5hd-AccessAnalyzerLambdaExec-19F9JCJTNTI39,AWS IAM,Governance-QA-ServiceCatalog,,aws-iam-list-roles,iam-access-analyzer-pipeline,Sam,,,
SC-357940840310-pp-eorvcj-AccessAnalyzerLambdaExec-28PO9807G2HD,AWS IAM,Governance-QA-ServiceCatalog,,aws-iam-list-roles,iam-access-analyzer-pipeline,Sam,,,
SC-357940840310-pp-4ot5hd7ck7gqc-AuditorFunction-3NrmL62QV5rV,AWS Lambda,Governance-QA-ServiceCatalog,AWS Virginia,aws-lambda-list-functions,iam-access-analyzer-pipeline,Sam,,,
SC-357940840310-pp-eorvcjxud2fuu-AuditorFunction-W4MGC6TADNMP,AWS Lambda,Governance-QA-ServiceCatalog,AWS Virginia,aws-lambda-list-functions,iam-access-analyzer-pipeline,Sam,,,
AllowAuroraAccess,Amazon VPC,governance-qa-tools,AWS Virginia,aws-ec2-describe-security-groups,iam-access-analyzer-pipeline,Sam,,,
Okta,AWS IAM,governance-qa-decipher,,aws-iam-saml-provider,iam-provisioner,tags on yaml but not on resources,,,
Okta,AWS IAM,governance-qa-inventory,,aws-iam-saml-provider,iam-provisioner,tags not supported by SAML provider - create exception,,,
Okta,AWS IAM,governance-qa-logging,,aws-iam-saml-provider,iam-provisioner,tags on yaml but not on resources,,,
Okta,AWS IAM,governance-qa-logging-govcloud,,aws-iam-saml-provider,iam-provisioner,tags on yaml but not on resources,,,
Okta,AWS IAM,governance-qa-sandbox,,aws-iam-saml-provider,iam-provisioner,tags on yaml but not on resources,10/26/21,,
Okta,AWS IAM,governance-qa-sectools-govcloud,,aws-iam-saml-provider,iam-provisioner,tags on yaml but not on resources,,,
Okta,AWS IAM,Governance-QA-ServiceCatalog,,aws-iam-saml-provider,iam-provisioner,tags on yaml but not on resources,,,
Okta,AWS IAM,governance-qa-tools,,aws-iam-saml-provider,iam-provisioner,tags on yaml but not on resources,,,
Okta,AWS IAM,mxr-governance-qa-master,,aws-iam-saml-provider,iam-provisioner,tags on yaml but not on resources,,,
Okta,AWS IAM,mxr-governance-qa-sectools,,aws-iam-saml-provider,iam-provisioner,tags on yaml but not on resources,,,
/account-inventory/appsync-url,AWS Systems Manager,governance-qa-inventory,AWS Virginia,aws-ssm-parameter,inventory,skip,,,
/apps/account-inventory/account-inventory-qa-url,AWS Systems Manager,governance-qa-inventory,AWS Virginia,aws-ssm-parameter,inventory,skip,,,
/apps/account-inventory/ad-integration-govcloud-feature,AWS Systems Manager,governance-qa-inventory,AWS Virginia,aws-ssm-parameter,inventory,skip,,,
/apps/account-inventory/appsync-dev-endpoint,AWS Systems Manager,governance-qa-inventory,AWS Virginia,aws-ssm-parameter,inventory,skip,,,
/apps/account-inventory/appsync-dev-key,AWS Systems Manager,governance-qa-inventory,AWS Virginia,aws-ssm-parameter,inventory,skip,,,
/apps/account-inventory/appsync-prod-key,AWS Systems Manager,governance-qa-inventory,AWS Virginia,aws-ssm-parameter,inventory,skip,,,
/apps/account-inventory/appsync-qa-endpoint,AWS Systems Manager,governance-qa-inventory,AWS Virginia,aws-ssm-parameter,inventory,skip,,,
/apps/account-inventory/appsync-qa-key,AWS Systems Manager,governance-qa-inventory,AWS Virginia,aws-ssm-parameter,inventory,skip,,,
/apps/account-inventory/ldap-prod-password,AWS Systems Manager,governance-qa-inventory,AWS Virginia,aws-ssm-parameter,inventory,skip,,,
/apps/account-inventory/ldap-prod-username,AWS Systems Manager,governance-qa-inventory,AWS Virginia,aws-ssm-parameter,inventory,skip,,,
/apps/account-inventory/vpc-appsync-dev-endpoint,AWS Systems Manager,governance-qa-inventory,AWS Virginia,aws-ssm-parameter,inventory,skip,,,
/apps/account-inventory/vpc-appsync-qa-endpoint,AWS Systems Manager,governance-qa-inventory,AWS Virginia,aws-ssm-parameter,inventory,skip,,,
/secrets-manager/inventory/dev/api-key/arn,AWS Systems Manager,governance-qa-inventory,AWS Virginia,aws-ssm-parameter,inventory,skip,,,
/secrets-manager/inventory/qa/api-key/arn,AWS Systems Manager,governance-qa-inventory,AWS Virginia,aws-ssm-parameter,inventory,skip,,,
ADIntegrationAPI,Amazon API Gateway,governance-qa-inventory,AWS Virginia,aws-apigateway-get-rest-apis,inventory,skip,,,
ADIntegrationAPI,Amazon API Gateway,governance-qa-inventory,AWS Virginia,aws-apigateway-get-rest-apis,inventory,skip,,,
ADLoggingAPI,Amazon API Gateway,governance-qa-inventory,AWS Virginia,aws-apigateway-get-rest-apis,inventory,skip,,,
ADLoggingAPI,Amazon API Gateway,governance-qa-inventory,AWS Virginia,aws-apigateway-get-rest-apis,inventory,skip,,,
ADLoggingAPIFunction-dev,AWS Lambda,governance-qa-inventory,AWS Virginia,aws-lambda-list-functions,inventory,skip,,,
ADLoggingAPIFunction-qa,AWS Lambda,governance-qa-inventory,AWS Virginia,aws-lambda-list-functions,inventory,skip,,,
allow api gateway sg,Amazon VPC,governance-qa-inventory,AWS Virginia,aws-ec2-describe-security-groups,inventory,skip,,,
allow cloudwatch sg,Amazon VPC,governance-qa-inventory,AWS Virginia,aws-ec2-describe-security-groups,inventory,skip,,,
allow dynamodb sg,Amazon VPC,governance-qa-inventory,AWS Virginia,aws-ec2-describe-security-groups,inventory,skip,,,
allow ecr sg,Amazon VPC,governance-qa-inventory,AWS Virginia,aws-ec2-describe-security-groups,inventory,skip,,,
allow secrets manager sg,Amazon VPC,governance-qa-inventory,AWS Virginia,aws-ec2-describe-security-groups,inventory,skip,,,
allow_all,Amazon VPC,governance-qa-inventory,AWS Virginia,aws-ec2-describe-security-groups,inventory,skip,,,
allow_s3_access,Amazon VPC,governance-qa-inventory,AWS Virginia,aws-ec2-describe-security-groups,inventory,skip,,,
allow_ssm_access,Amazon VPC,governance-qa-inventory,AWS Virginia,aws-ec2-describe-security-groups,inventory,skip,,,
allow-all-internal,Amazon VPC,governance-qa-inventory,AWS Virginia,aws-ec2-describe-security-groups,inventory,skip,,,
amplify-awsaccounttracking-dev-82624-authRole,AWS IAM,governance-qa-inventory,,aws-iam-list-roles,inventory,skip,,,
amplify-awsaccounttracking-dev-82624-loggingAWSATLogging-O0F3XL2BT3B0-InventoryKinesisStream-IlikOGogjexU,Amazon Kinesis,governance-qa-inventory,AWS Virginia,aws-kinesis-list-streams,inventory,skip,,,
amplify-awsaccounttracking-dev-82624-unauthRole,AWS IAM,governance-qa-inventory,,aws-iam-list-roles,inventory,skip,,,
amplify-awsaccounttracking-dev-8-KinesisAccessRole-1QUPOATQKEW6T,AWS IAM,governance-qa-inventory,,aws-iam-list-roles,inventory,skip,,,
amplify-awsaccounttracking-qa-61537-authRole,AWS IAM,governance-qa-inventory,,aws-iam-list-roles,inventory,skip,,,
amplify-awsaccounttracking-qa-61537-loggingAWSATLogging-MSI8B31GY96O-InventoryKinesisStream-u0go1t7WoSiP,Amazon Kinesis,governance-qa-inventory,AWS Virginia,aws-kinesis-list-streams,inventory,skip,,,
amplify-awsaccounttracking-qa-61537-unauthRole,AWS IAM,governance-qa-inventory,,aws-iam-list-roles,inventory,skip,,,
amplify-awsaccounttracking-qa-61-KinesisAccessRole-1DB7T88ZPDXUW,AWS IAM,governance-qa-inventory,,aws-iam-list-roles,inventory,skip,,,
amplifyconsole-backend-role,AWS IAM,governance-qa-inventory,,aws-iam-list-roles,inventory,skip,,,
appsync-graphqlapi-logs-us-east-1,AWS IAM,governance-qa-inventory,,aws-iam-list-roles,inventory,skip,,,
awsaccounttrackingLambdaRole1edde94c-dev,AWS IAM,governance-qa-inventory,,aws-iam-list-roles,inventory,skip,,,
awsaccounttrackingLambdaRole1edde94c-qa,AWS IAM,governance-qa-inventory,,aws-iam-list-roles,inventory,skip,,,
awsaccounttrackingLambdaRole2b4ccfbb-dev,AWS IAM,governance-qa-inventory,,aws-iam-list-roles,inventory,skip,,,
awsaccounttrackingLambdaRole2b4ccfbb-qa,AWS IAM,governance-qa-inventory,,aws-iam-list-roles,inventory,skip,,,
awsaccounttrackingLambdaRoled5a70579-dev,AWS IAM,governance-qa-inventory,,aws-iam-list-roles,inventory,skip,,,
awsaccounttrackingLambdaRoled5a70579-qa,AWS IAM,governance-qa-inventory,,aws-iam-list-roles,inventory,skip,,,
awsaccounttrackingLambdaRolede4b0c33-dev,AWS IAM,governance-qa-inventory,,aws-iam-list-roles,inventory,skip,,,
awsaccounttrackingLambdaRolede4b0c33-qa,AWS IAM,governance-qa-inventory,,aws-iam-list-roles,inventory,skip,,,
AWSATAppSyncLoggingRole-dev,AWS IAM,governance-qa-inventory,,aws-iam-list-roles,inventory,skip,,,
AWSATAppSyncLoggingRole-qa,AWS IAM,governance-qa-inventory,,aws-iam-list-roles,inventory,skip,,,
AWSATAppSyncVpcProxy,Amazon API Gateway,governance-qa-inventory,AWS Virginia,aws-apigateway-get-rest-apis,inventory,skip,,,
AWSATAppSyncVpcProxy,Amazon API Gateway,governance-qa-inventory,AWS Virginia,aws-apigateway-get-rest-apis,inventory,skip,,,
AWSATAuthorizerLambda-dev,AWS Lambda,governance-qa-inventory,AWS Virginia,aws-lambda-list-functions,inventory,skip,,,
AWSATAuthorizerLambda-qa,AWS Lambda,governance-qa-inventory,AWS Virginia,aws-lambda-list-functions,inventory,skip,,,
AWSATLoggingAPI,Amazon API Gateway,governance-qa-inventory,AWS Virginia,aws-apigateway-get-rest-apis,inventory,skip,,,
AWSATLoggingAPI,Amazon API Gateway,governance-qa-inventory,AWS Virginia,aws-apigateway-get-rest-apis,inventory,skip,,,
AWSATLoggingCrudFunction-dev,AWS Lambda,governance-qa-inventory,AWS Virginia,aws-lambda-list-functions,inventory,skip,,,
AWSATLoggingCrudFunction-qa,AWS Lambda,governance-qa-inventory,AWS Virginia,aws-lambda-list-functions,inventory,skip,,,
AWSATLoggingHandler-dev,AWS Lambda,governance-qa-inventory,AWS Virginia,aws-lambda-list-functions,inventory,skip,,,
AWSATLoggingHandler-qa,AWS Lambda,governance-qa-inventory,AWS Virginia,aws-lambda-list-functions,inventory,skip,,,
AWSATPostbuildTweaks-dev,AWS Lambda,governance-qa-inventory,AWS Virginia,aws-lambda-list-functions,inventory,skip,,,
AWSATPostbuildTweaks-qa,AWS Lambda,governance-qa-inventory,AWS Virginia,aws-lambda-list-functions,inventory,skip,,,
d-906765f647_controllers,Amazon VPC,governance-qa-inventory,AWS Virginia,aws-ec2-describe-security-groups,inventory,skip,,,
dev,Amazon API Gateway,governance-qa-inventory,AWS Virginia,aws-apigateway-get-stages,inventory,skip,,,
dev,Amazon API Gateway,governance-qa-inventory,AWS Virginia,aws-apigateway-get-stages,inventory,skip,,,
dev,Amazon API Gateway,governance-qa-inventory,AWS Virginia,aws-apigateway-get-stages,inventory,skip,,,
dev,Amazon API Gateway,governance-qa-inventory,AWS Virginia,aws-apigateway-get-stages,inventory,skip,,,
EC2DomainJoin,AWS IAM,governance-qa-inventory,,aws-iam-list-roles,inventory,skip,,,
i-0cc16c2d0b3e13355,Amazon EC2,governance-qa-inventory,AWS Virginia,aws-ec2-describe-instances,inventory,skip,,,
InventoryCureExportAccessRole,AWS IAM,governance-qa-inventory,,aws-iam-list-roles,inventory,skip,,,
inventory-database,Amazon VPC,governance-qa-inventory,AWS Virginia,aws-ec2-describe-security-groups,inventory,skip,,,
inventory-dev-ad-access,Amazon EC2,governance-qa-inventory,AWS Virginia,aws-ec2-describe-instances,inventory,skip,,,
InventoryDevAdAccessSsmAccess,AWS IAM,governance-qa-inventory,,aws-iam-list-roles,inventory,skip,,,
LambdaCureAccessRole,AWS IAM,governance-qa-inventory,,aws-iam-list-roles,inventory,skip,,,
qa,Amazon API Gateway,governance-qa-inventory,AWS Virginia,aws-apigateway-get-stages,inventory,skip,,,
qa,Amazon API Gateway,governance-qa-inventory,AWS Virginia,aws-apigateway-get-stages,inventory,skip,,,
qa,Amazon API Gateway,governance-qa-inventory,AWS Virginia,aws-apigateway-get-stages,inventory,skip,,,
qa,Amazon API Gateway,governance-qa-inventory,AWS Virginia,aws-apigateway-get-stages,inventory,skip,,,
QuickSightCureAccessRole,AWS IAM,governance-qa-inventory,,aws-iam-list-roles,inventory,skip,,,
role-lu3an4qorfcjzpp6qdchnibjp4-dev,AWS IAM,governance-qa-inventory,,aws-iam-list-roles,inventory,skip,,,
role-netryzjwdzeyha7igd65fnzpam-qa,AWS IAM,governance-qa-inventory,,aws-iam-list-roles,inventory,skip,,,
SC-384124098735-pp-4zb4z4-CureInventoryExportFunct-FA9T1HFhu8mD,AWS Lambda,governance-qa-inventory,AWS Virginia,aws-lambda-list-functions,inventory-cure-export,skip,,,
SC-384124098735-pp-kzbkvv-CureAccessManagementFunc-3FtSMVdEF4Co,AWS Lambda,governance-qa-inventory,AWS Virginia,aws-lambda-list-functions,inventory-cure-export,skip,,,
SC-384124098735-pp-5jngf5evgbsuo-LambdaAccessRole-1KH4ZP1OBRD39,AWS IAM,governance-qa-inventory,,aws-iam-list-roles,inventory-data-to-s3,skip,,,
SC-384124098735-pp-5jngf5evg-InventoryToS3Function-D4EIHwXvWXRt,AWS Lambda,governance-qa-inventory,AWS Virginia,aws-lambda-list-functions,inventory-data-to-s3,skip,,,
/apps/account-inventory/appsync-prod-key,AWS Systems Manager,governance-qa-decipher,AWS Virginia,aws-ssm-parameter,manual,,,,
/apps/account-inventory/vpc-appsync-prod-endpoint,AWS Systems Manager,governance-qa-decipher,AWS Virginia,aws-ssm-parameter,manual,,,,
AWSServiceRoleForAccessAnalyzer,AWS IAM,governance-qa-decipher,,aws-iam-list-roles,manual,,,,
AWSServiceRoleForConfig,AWS IAM,governance-qa-decipher,,aws-iam-list-roles,manual,,,,
AWSServiceRoleForConfigConforms,AWS IAM,governance-qa-decipher,,aws-iam-list-roles,manual,,,,
AWSServiceRoleForOrganizations,AWS IAM,governance-qa-decipher,,aws-iam-list-roles,manual,,,,
AWSServiceRoleForSupport,AWS IAM,governance-qa-decipher,,aws-iam-list-roles,manual,,,,
AWSServiceRoleForTrustedAdvisor,AWS IAM,governance-qa-decipher,,aws-iam-list-roles,manual,,,,
OrganizationAccountAccessRole,AWS IAM,governance-qa-decipher,,aws-iam-list-roles,manual,,,,
PuppetDeployInSpokeRole,AWS IAM,governance-qa-decipher,,aws-iam-list-roles,manual,,,,
/access-analyzer/rds/master-username,AWS Systems Manager,governance-qa-inventory,AWS Virginia,aws-ssm-parameter,manual,,,,
/access-analyzer/rds/master-user-password,AWS Systems Manager,governance-qa-inventory,AWS Virginia,aws-ssm-parameter,manual,,,,
/account/NetworkBlock,AWS Systems Manager,governance-qa-inventory,AWS Virginia,aws-ssm-parameter,manual,,,,
/account/NetworkName,AWS Systems Manager,governance-qa-inventory,AWS Virginia,aws-ssm-parameter,manual,,,,
/account/Project,AWS Systems Manager,governance-qa-inventory,AWS Virginia,aws-ssm-parameter,manual,,,,
/account/Stage,AWS Systems Manager,governance-qa-inventory,AWS Virginia,aws-ssm-parameter,manual,,,,
/account/vpc/cidr/private-a,AWS Systems Manager,governance-qa-inventory,AWS Virginia,aws-ssm-parameter,manual,,,,
/account/vpc/cidr/private-b,AWS Systems Manager,governance-qa-inventory,AWS Virginia,aws-ssm-parameter,manual,,,,
/account/vpc/id,AWS Systems Manager,governance-qa-inventory,AWS Virginia,aws-ssm-parameter,manual,,,,
/account/vpc/routetable/private-a,AWS Systems Manager,governance-qa-inventory,AWS Virginia,aws-ssm-parameter,manual,,,,
/account/vpc/routetable/private-b,AWS Systems Manager,governance-qa-inventory,AWS Virginia,aws-ssm-parameter,manual,,,,
/account/vpc/security-group/apigateway/id,AWS Systems Manager,governance-qa-inventory,AWS Virginia,aws-ssm-parameter,manual,,,,
/account/vpc/security-group/cloudwatch/id,AWS Systems Manager,governance-qa-inventory,AWS Virginia,aws-ssm-parameter,manual,,,,
/account/vpc/security-group/dynamodb/id,AWS Systems Manager,governance-qa-inventory,AWS Virginia,aws-ssm-parameter,manual,,,,
/account/vpc/security-group/ecr/id,AWS Systems Manager,governance-qa-inventory,AWS Virginia,aws-ssm-parameter,manual,,,,
/account/vpc/subnet/private-a,AWS Systems Manager,governance-qa-inventory,AWS Virginia,aws-ssm-parameter,manual,,,,
/account/vpc/subnet/private-b,AWS Systems Manager,governance-qa-inventory,AWS Virginia,aws-ssm-parameter,manual,,,,
/vpc/subnets/private-a/id,AWS Systems Manager,governance-qa-inventory,AWS Virginia,aws-ssm-parameter,manual,,,,
/vpc/subnets/private-b/id,AWS Systems Manager,governance-qa-inventory,AWS Virginia,aws-ssm-parameter,manual,,,,
AccessAnalyzerMonitorServiceRole_XQ4BD0C44Y,AWS IAM,governance-qa-inventory,,aws-iam-list-roles,manual,,,,
AWSServiceRoleForAccessAnalyzer,AWS IAM,governance-qa-inventory,,aws-iam-list-roles,manual,,,,
AWSServiceRoleForAmazonSSM,AWS IAM,governance-qa-inventory,,aws-iam-list-roles,manual,,,,
AWSServiceRoleForAPIGateway,AWS IAM,governance-qa-inventory,,aws-iam-list-roles,manual,,,,
AWSServiceRoleForCloudTrail,AWS IAM,governance-qa-inventory,,aws-iam-list-roles,manual,,,,
AWSServiceRoleForConfig,AWS IAM,governance-qa-inventory,,aws-iam-list-roles,manual,,,,
AWSServiceRoleForConfigConforms,AWS IAM,governance-qa-inventory,,aws-iam-list-roles,manual,,,,
AWSServiceRoleForECS,AWS IAM,governance-qa-inventory,,aws-iam-list-roles,manual,,,,
AWSServiceRoleForElasticLoadBalancing,AWS IAM,governance-qa-inventory,,aws-iam-list-roles,manual,,,,
AWSServiceRoleForOrganizations,AWS IAM,governance-qa-inventory,,aws-iam-list-roles,manual,,,,
AWSServiceRoleForRDS,AWS IAM,governance-qa-inventory,,aws-iam-list-roles,manual,,,,
AWSServiceRoleForSupport,AWS IAM,governance-qa-inventory,,aws-iam-list-roles,manual,,,,
AWSServiceRoleForTrustedAdvisor,AWS IAM,governance-qa-inventory,,aws-iam-list-roles,manual,,,,
default,Amazon VPC,governance-qa-inventory,AWS Osaka,aws-ec2-describe-security-groups,manual,,,,
default,Amazon VPC,governance-qa-inventory,AWS Virginia,aws-ec2-describe-security-groups,manual,,,,
geoffrey-testing-role,AWS IAM,governance-qa-inventory,,aws-iam-list-roles,manual,,,,
geoffrey-testing-role-2,AWS IAM,governance-qa-inventory,,aws-iam-list-roles,manual,,,,
OrganizationAccountAccessRole,AWS IAM,governance-qa-inventory,,aws-iam-list-roles,manual,,,,
subnet-0e628675,Amazon VPC,governance-qa-inventory,AWS Osaka,aws-ec2-describe-subnets,manual,,,,
subnet-82df78cf,Amazon VPC,governance-qa-inventory,AWS Osaka,aws-ec2-describe-subnets,manual,,,,
subnet-f1b07598,Amazon VPC,governance-qa-inventory,AWS Osaka,aws-ec2-describe-subnets,manual,,,,
vpc-55bfd53c,Amazon VPC,governance-qa-inventory,AWS Osaka,aws-ec2-describe-vpcs,manual,,,,
/config/cloudtrail/kms-arn,AWS Systems Manager,governance-qa-logging,AWS Virginia,aws-ssm-parameter,manual,,,,
AccessAnalyzerMonitorServiceRole_VR9KUH5CNX,AWS IAM,governance-qa-logging,,aws-iam-list-roles,manual,,,,
AWSServiceRoleForAccessAnalyzer,AWS IAM,governance-qa-logging,,aws-iam-list-roles,manual,,,,
AWSServiceRoleForAmazonSSM,AWS IAM,governance-qa-logging,,aws-iam-list-roles,manual,,,,
AWSServiceRoleForCloudTrail,AWS IAM,governance-qa-logging,,aws-iam-list-roles,manual,,,,
AWSServiceRoleForConfig,AWS IAM,governance-qa-logging,,aws-iam-list-roles,manual,,,,
AWSServiceRoleForConfigConforms,AWS IAM,governance-qa-logging,,aws-iam-list-roles,manual,,,,
AWSServiceRoleForOrganizations,AWS IAM,governance-qa-logging,,aws-iam-list-roles,manual,,,,
AWSServiceRoleForSupport,AWS IAM,governance-qa-logging,,aws-iam-list-roles,manual,,,,
AWSServiceRoleForTrustedAdvisor,AWS IAM,governance-qa-logging,,aws-iam-list-roles,manual,,,,
OrganizationAccountAccessRole,AWS IAM,governance-qa-logging,,aws-iam-list-roles,manual,,,,
AWSServiceRoleForAccessAnalyzer,AWS IAM,governance-qa-logging-govcloud,,aws-iam-list-roles,manual,,,,
AWSServiceRoleForOrganizations,AWS IAM,governance-qa-logging-govcloud,,aws-iam-list-roles,manual,,,,
AWSServiceRoleForSupport,AWS IAM,governance-qa-logging-govcloud,,aws-iam-list-roles,manual,,,,
AWSServiceRoleForTrustedAdvisor,AWS IAM,governance-qa-logging-govcloud,,aws-iam-list-roles,manual,,,,
OrganizationAccountAccessRole,AWS IAM,governance-qa-logging-govcloud,,aws-iam-list-roles,manual,,,,
AccessAnalyzerMonitorServiceRole_HR9MOPYDWA,AWS IAM,governance-qa-sandbox,,aws-iam-list-roles,manual,,,,
allow-ssh-luis-connection,Amazon VPC,governance-qa-sandbox,AWS Virginia,aws-ec2-describe-security-groups,manual,,,,
APIGatewayToStepFunctions,AWS IAM,governance-qa-sandbox,,aws-iam-list-roles,manual,,,,
AWSServiceRoleForAccessAnalyzer,AWS IAM,governance-qa-sandbox,,aws-iam-list-roles,manual,,,,
AWSServiceRoleForAPIGateway,AWS IAM,governance-qa-sandbox,,aws-iam-list-roles,manual,,,,
AWSServiceRoleForApplicationAutoScaling_DynamoDBTable,AWS IAM,governance-qa-sandbox,,aws-iam-list-roles,manual,,,,
AWSServiceRoleForCloudTrail,AWS IAM,governance-qa-sandbox,,aws-iam-list-roles,manual,,,,
AWSServiceRoleForConfig,AWS IAM,governance-qa-sandbox,,aws-iam-list-roles,manual,,,,
AWSServiceRoleForOrganizations,AWS IAM,governance-qa-sandbox,,aws-iam-list-roles,manual,,,,
AWSServiceRoleForRDS,AWS IAM,governance-qa-sandbox,,aws-iam-list-roles,manual,,,,
AWSServiceRoleForSupport,AWS IAM,governance-qa-sandbox,,aws-iam-list-roles,manual,,,,
AWSServiceRoleForTrustedAdvisor,AWS IAM,governance-qa-sandbox,,aws-iam-list-roles,manual,,,,
chase-secrist-web-tier,Amazon VPC,governance-qa-sandbox,AWS Virginia,aws-ec2-describe-security-groups,manual,,,,
codebuild-service-role-farit-test,AWS IAM,governance-qa-sandbox,,aws-iam-list-roles,manual,,,,
codepipeline-service-role-farit-test,AWS IAM,governance-qa-sandbox,,aws-iam-list-roles,manual,,,,
default,Amazon VPC,governance-qa-sandbox,AWS Virginia,aws-ec2-describe-security-groups,manual,,,,
linux-bastion,Amazon EC2,governance-qa-sandbox,AWS Virginia,aws-ec2-describe-instances,manual,,,,
OrganizationAccountAccessRole,AWS IAM,governance-qa-sandbox,,aws-iam-list-roles,manual,,,,
pus-network,Amazon VPC,governance-qa-sandbox,AWS Virginia,aws-ec2-describe-vpcs,manual,,,,
pus-network-private-a,Amazon VPC,governance-qa-sandbox,AWS Virginia,aws-ec2-describe-subnets,manual,,,,
pus-network-private-b,Amazon VPC,governance-qa-sandbox,AWS Virginia,aws-ec2-describe-subnets,manual,,,,
pus-network-public,Amazon VPC,governance-qa-sandbox,AWS Virginia,aws-ec2-describe-subnets,manual,,,,
QuickSightAuthor,AWS IAM,governance-qa-sandbox,,aws-iam-list-roles,manual,,,,
QuickSightReader,AWS IAM,governance-qa-sandbox,,aws-iam-list-roles,manual,,,,
root,AWS IAM,governance-qa-sandbox,,aws-iam-list-users,manual,,10/26/21,,
rotation-test-farit,AWS IAM,governance-qa-sandbox,,aws-iam-list-roles,manual,,10/26/21,,
rotation-test-farit,AWS Lambda,governance-qa-sandbox,AWS Virginia,aws-lambda-list-functions,manual,,,,
sam.lewis,AWS IAM,governance-qa-sandbox,,aws-iam-list-users,manual,,,,
StartExecutionAPITest,Amazon API Gateway,governance-qa-sandbox,AWS Virginia,aws-apigateway-get-rest-apis,manual,,,,
test-avm-execution-function,AWS Lambda,governance-qa-sandbox,AWS Virginia,aws-lambda-list-functions,manual,,,,
test-avm-execution-function-role-o5sp931e,AWS IAM,governance-qa-sandbox,,aws-iam-list-roles,manual,,,,
test-avm-query-function,AWS Lambda,governance-qa-sandbox,AWS Virginia,aws-lambda-list-functions,manual,,,,
test-sg,Amazon VPC,governance-qa-sandbox,AWS Virginia,aws-ec2-describe-security-groups,manual,,,,
tmp_service_catalog_read_only,AWS IAM,governance-qa-sandbox,,aws-iam-list-roles,manual,,,,
AWSServiceRoleForAccessAnalyzer,AWS IAM,governance-qa-sectools-govcloud,,aws-iam-list-roles,manual,,,,
AWSServiceRoleForCloudTrail,AWS IAM,governance-qa-sectools-govcloud,,aws-iam-list-roles,manual,,,,
AWSServiceRoleForOrganizations,AWS IAM,governance-qa-sectools-govcloud,,aws-iam-list-roles,manual,,,,
AWSServiceRoleForSupport,AWS IAM,governance-qa-sectools-govcloud,,aws-iam-list-roles,manual,,,,
AWSServiceRoleForTrustedAdvisor,AWS IAM,governance-qa-sectools-govcloud,,aws-iam-list-roles,manual,,,,
default,Amazon VPC,governance-qa-sectools-govcloud,AWS Osaka,aws-ec2-describe-security-groups,manual,,,,
OrganizationAccountAccessRole,AWS IAM,governance-qa-sectools-govcloud,,aws-iam-list-roles,manual,,,,
subnet-03628678,Amazon VPC,governance-qa-sectools-govcloud,AWS Osaka,aws-ec2-describe-subnets,manual,,,,
subnet-9fdf78d2,Amazon VPC,governance-qa-sectools-govcloud,AWS Osaka,aws-ec2-describe-subnets,manual,,,,
subnet-f2b0759b,Amazon VPC,governance-qa-sectools-govcloud,AWS Osaka,aws-ec2-describe-subnets,manual,,,,
vpc-56bfd53f,Amazon VPC,governance-qa-sectools-govcloud,AWS Osaka,aws-ec2-describe-vpcs,manual,,,,
/account-provisioner/prisma-access-key,AWS Systems Manager,Governance-QA-ServiceCatalog,AWS Virginia,aws-ssm-parameter,manual,,,,
/account-provisioner/prisma-secret-key,AWS Systems Manager,Governance-QA-ServiceCatalog,AWS Virginia,aws-ssm-parameter,manual,,,,
/sc-products-usage-scraper/subnets,AWS Systems Manager,Governance-QA-ServiceCatalog,AWS Virginia,aws-ssm-parameter,manual,,,,
/sc-products-usage-scraper/vpc-id,AWS Systems Manager,Governance-QA-ServiceCatalog,AWS Virginia,aws-ssm-parameter,manual,,,,
/vpc/ecs/account/NetworkBlock,AWS Systems Manager,Governance-QA-ServiceCatalog,AWS Virginia,aws-ssm-parameter,manual,,,,
/vpc/ecs/account/NetworkName,AWS Systems Manager,Governance-QA-ServiceCatalog,AWS Virginia,aws-ssm-parameter,manual,,,,
/vpc/ecs/account/Project,AWS Systems Manager,Governance-QA-ServiceCatalog,AWS Virginia,aws-ssm-parameter,manual,,,,
/vpc/ecs/account/Stage,AWS Systems Manager,Governance-QA-ServiceCatalog,AWS Virginia,aws-ssm-parameter,manual,,,,
AccessAnalyzerMonitorServiceRole_O1LVGWWOST,AWS IAM,Governance-QA-ServiceCatalog,,aws-iam-list-roles,manual,,,,
AWSServiceRoleForAccessAnalyzer,AWS IAM,Governance-QA-ServiceCatalog,,aws-iam-list-roles,manual,,,,
AWSServiceRoleForApplicationAutoScaling_DynamoDBTable,AWS IAM,Governance-QA-ServiceCatalog,,aws-iam-list-roles,manual,,,,
AWSServiceRoleForCloudTrail,AWS IAM,Governance-QA-ServiceCatalog,,aws-iam-list-roles,manual,,,,
AWSServiceRoleForConfig,AWS IAM,Governance-QA-ServiceCatalog,,aws-iam-list-roles,manual,,,,
AWSServiceRoleForConfigConforms,AWS IAM,Governance-QA-ServiceCatalog,,aws-iam-list-roles,manual,,,,
AWSServiceRoleForOrganizations,AWS IAM,Governance-QA-ServiceCatalog,,aws-iam-list-roles,manual,,,,
AWSServiceRoleForRDS,AWS IAM,Governance-QA-ServiceCatalog,,aws-iam-list-roles,manual,,,,
AWSServiceRoleForSchemas,AWS IAM,Governance-QA-ServiceCatalog,,aws-iam-list-roles,manual,,,,
AWSServiceRoleForSupport,AWS IAM,Governance-QA-ServiceCatalog,,aws-iam-list-roles,manual,,,,
AWSServiceRoleForTrustedAdvisor,AWS IAM,Governance-QA-ServiceCatalog,,aws-iam-list-roles,manual,,,,
default,Amazon VPC,Governance-QA-ServiceCatalog,AWS Osaka,aws-ec2-describe-security-groups,manual,,,,
default,Amazon VPC,Governance-QA-ServiceCatalog,AWS Virginia,aws-ec2-describe-security-groups,manual,,,,
ecs-tmp-bastion,Amazon EC2,Governance-QA-ServiceCatalog,AWS Virginia,aws-ec2-describe-instances,manual,,,,
github-action-role,AWS IAM,Governance-QA-ServiceCatalog,,aws-iam-list-roles,manual,,,,
launch-wizard-1,Amazon VPC,Governance-QA-ServiceCatalog,AWS Virginia,aws-ec2-describe-security-groups,manual,,,,
OrganizationAccountAccessRole,AWS IAM,Governance-QA-ServiceCatalog,,aws-iam-list-roles,manual,,,,
rds-bastion,Amazon EC2,Governance-QA-ServiceCatalog,AWS Virginia,aws-ec2-describe-instances,manual,,,,
subnet-335b877e,Amazon VPC,Governance-QA-ServiceCatalog,AWS Osaka,aws-ec2-describe-subnets,manual,,,,
subnet-b07082d9,Amazon VPC,Governance-QA-ServiceCatalog,AWS Osaka,aws-ec2-describe-subnets,manual,,,,
subnet-e739259f,Amazon VPC,Governance-QA-ServiceCatalog,AWS Osaka,aws-ec2-describe-subnets,manual,,,,
vpc-c51371ac,Amazon VPC,Governance-QA-ServiceCatalog,AWS Osaka,aws-ec2-describe-vpcs,manual,,,,
/account/NetworkBlock,AWS Systems Manager,governance-qa-tools,AWS Virginia,aws-ssm-parameter,manual,,,,
/account/NetworkName,AWS Systems Manager,governance-qa-tools,AWS Virginia,aws-ssm-parameter,manual,,,,
/account/Project,AWS Systems Manager,governance-qa-tools,AWS Virginia,aws-ssm-parameter,manual,,,,
/account/Stage,AWS Systems Manager,governance-qa-tools,AWS Virginia,aws-ssm-parameter,manual,,,,
/account/vpc/id,AWS Systems Manager,governance-qa-tools,AWS Virginia,aws-ssm-parameter,manual,,,,
/sc-products-usage-scraper/subnets,AWS Systems Manager,governance-qa-tools,AWS Virginia,aws-ssm-parameter,manual,,,,
/sc-products-usage-scraper/vpc-id,AWS Systems Manager,governance-qa-tools,AWS Virginia,aws-ssm-parameter,manual,,,,
/vpc/subnets/private-a/id,AWS Systems Manager,governance-qa-tools,AWS Virginia,aws-ssm-parameter,manual,,,,
/vpc/subnets/private-b/id,AWS Systems Manager,governance-qa-tools,AWS Virginia,aws-ssm-parameter,manual,,,,
AccessAnalyzerMonitorServiceRole_TOWTFC6GHK,AWS IAM,governance-qa-tools,,aws-iam-list-roles,manual,,,,
aws-quicksight-s3-consumers-role-v0,AWS IAM,governance-qa-tools,,aws-iam-list-roles,manual,,,,
aws-quicksight-service-role-v0,AWS IAM,governance-qa-tools,,aws-iam-list-roles,manual,,,,
AWSServiceRoleForAccessAnalyzer,AWS IAM,governance-qa-tools,,aws-iam-list-roles,manual,,,,
AWSServiceRoleForApplicationAutoScaling_DynamoDBTable,AWS IAM,governance-qa-tools,,aws-iam-list-roles,manual,,,,
AWSServiceRoleForCloudTrail,AWS IAM,governance-qa-tools,,aws-iam-list-roles,manual,,,,
AWSServiceRoleForConfig,AWS IAM,governance-qa-tools,,aws-iam-list-roles,manual,,,,
AWSServiceRoleForConfigConforms,AWS IAM,governance-qa-tools,,aws-iam-list-roles,manual,,,,
AWSServiceRoleForElasticLoadBalancing,AWS IAM,governance-qa-tools,,aws-iam-list-roles,manual,,,,
AWSServiceRoleForOrganizations,AWS IAM,governance-qa-tools,,aws-iam-list-roles,manual,,,,
AWSServiceRoleForRDS,AWS IAM,governance-qa-tools,,aws-iam-list-roles,manual,,,,
AWSServiceRoleForSupport,AWS IAM,governance-qa-tools,,aws-iam-list-roles,manual,,,,
AWSServiceRoleForTrustedAdvisor,AWS IAM,governance-qa-tools,,aws-iam-list-roles,manual,,,,
bastion-ssh-rds,Amazon VPC,governance-qa-tools,AWS Virginia,aws-ec2-describe-security-groups,manual,,,,
default,Amazon VPC,governance-qa-tools,AWS Virginia,aws-ec2-describe-security-groups,manual,,,,
OrganizationAccountAccessRole,AWS IAM,governance-qa-tools,,aws-iam-list-roles,manual,,,,
rds-bastion,Amazon EC2,governance-qa-tools,AWS Virginia,aws-ec2-describe-instances,manual,,,,
rds-bastion,Amazon EC2,governance-qa-tools,AWS Virginia,aws-ec2-describe-instances,manual,,,,
testing-role-geoffrey,AWS IAM,governance-qa-tools,,aws-iam-list-roles,manual,,,,
TestReporterFunction,AWS Lambda,governance-qa-tools,AWS Virginia,aws-lambda-list-functions,manual,,,,
TestS3Upload,AWS IAM,governance-qa-tools,,aws-iam-list-roles,manual,,,,
/account-provisioner/custodian-account-id,AWS Systems Manager,mxr-governance-qa-master,AWS Virginia,aws-ssm-parameter,manual,,,,
Administrator,AWS IAM,mxr-governance-qa-master,,aws-iam-list-roles,manual,,,,
AWSServiceRoleForAccessAnalyzer,AWS IAM,mxr-governance-qa-master,,aws-iam-list-roles,manual,,,,
AWSServiceRoleForApplicationAutoScaling_DynamoDBTable,AWS IAM,mxr-governance-qa-master,,aws-iam-list-roles,manual,,,,
AWSServiceRoleForCloudTrail,AWS IAM,mxr-governance-qa-master,,aws-iam-list-roles,manual,,,,
AWSServiceRoleForConfig,AWS IAM,mxr-governance-qa-master,,aws-iam-list-roles,manual,,,,
AWSServiceRoleForConfigConforms,AWS IAM,mxr-governance-qa-master,,aws-iam-list-roles,manual,,,,
AWSServiceRoleForOrganizations,AWS IAM,mxr-governance-qa-master,,aws-iam-list-roles,manual,,,,
AWSServiceRoleForSupport,AWS IAM,mxr-governance-qa-master,,aws-iam-list-roles,manual,,,,
AWSServiceRoleForTrustedAdvisor,AWS IAM,mxr-governance-qa-master,,aws-iam-list-roles,manual,,,,
ConsoleAnalyzer-b20898cf-59d8-440f-beff-9830d4b5c038,AWS Access Analyzer,mxr-governance-qa-master,AWS Virginia,aws-access-analyzer,manual,,,,
default,Amazon VPC,mxr-governance-qa-master,AWS Osaka,aws-ec2-describe-security-groups,manual,,,,
provisioner-functions-ApVoiceInserter-1L45F4CRLEWYB,AWS Lambda,mxr-governance-qa-master,AWS Virginia,aws-lambda-list-functions,manual,,,,
provisioner-functions-ApVoiceInserterRole-11CBEAC9RAFX6,AWS IAM,mxr-governance-qa-master,,aws-iam-list-roles,manual,,,,
provisioner-functions-CfDeployer-16MJ2GAPLK71C,AWS Lambda,mxr-governance-qa-master,AWS Virginia,aws-lambda-list-functions,manual,,,,
provisioner-functions-CfDeployerRole-1NOGUC02OO2A6,AWS IAM,mxr-governance-qa-master,,aws-iam-list-roles,manual,,,,
provisioner-functions-EntryPoint-ORKGAJZJ8K1U,AWS Lambda,mxr-governance-qa-master,AWS Virginia,aws-lambda-list-functions,manual,,,,
provisioner-functions-EntryPointRole-191G682R1WQCE,AWS IAM,mxr-governance-qa-master,,aws-iam-list-roles,manual,,,,
provisioner-functions-NewAccountsProvisioner-81RY0KEG80OB,AWS Lambda,mxr-governance-qa-master,AWS Virginia,aws-lambda-list-functions,manual,,,,
provisioner-functions-NewAccountsProvisionerRole-6VGY986AG3GX,AWS IAM,mxr-governance-qa-master,,aws-iam-list-roles,manual,,,,
subnet-7a875937,Amazon VPC,mxr-governance-qa-master,AWS Osaka,aws-ec2-describe-subnets,manual,,,,
subnet-c9f5eab1,Amazon VPC,mxr-governance-qa-master,AWS Osaka,aws-ec2-describe-subnets,manual,,,,
subnet-f5a05c9c,Amazon VPC,mxr-governance-qa-master,AWS Osaka,aws-ec2-describe-subnets,manual,,,,
vpc-eb563b82,Amazon VPC,mxr-governance-qa-master,AWS Osaka,aws-ec2-describe-vpcs,manual,,,,
AccessAnalyzerMonitorServiceRole_RUSHDKVHWV,AWS IAM,mxr-governance-qa-sectools,,aws-iam-list-roles,manual,,,,
AWSServiceRoleForAccessAnalyzer,AWS IAM,mxr-governance-qa-sectools,,aws-iam-list-roles,manual,,,,
AWSServiceRoleForConfig,AWS IAM,mxr-governance-qa-sectools,,aws-iam-list-roles,manual,,,,
AWSServiceRoleForConfigConforms,AWS IAM,mxr-governance-qa-sectools,,aws-iam-list-roles,manual,,,,
AWSServiceRoleForOrganizations,AWS IAM,mxr-governance-qa-sectools,,aws-iam-list-roles,manual,,,,
AWSServiceRoleForRDS,AWS IAM,mxr-governance-qa-sectools,,aws-iam-list-roles,manual,,,,
AWSServiceRoleForSupport,AWS IAM,mxr-governance-qa-sectools,,aws-iam-list-roles,manual,,,,
AWSServiceRoleForTrustedAdvisor,AWS IAM,mxr-governance-qa-sectools,,aws-iam-list-roles,manual,,,,
OrganizationAccountAccessRole,AWS IAM,mxr-governance-qa-sectools,,aws-iam-list-roles,manual,,,,
rds-monitoring-role,AWS IAM,mxr-governance-qa-sectools,,aws-iam-list-roles,manual,,,,
root,AWS IAM,mxr-governance-qa-sectools,,aws-iam-list-users,manual,,,,
SC-357940840310-pp-5boely-MoveToOUCustomResourceRo-7JIXMOHVGQPP,AWS IAM,Governance-QA-ServiceCatalog,,aws-iam-list-roles,move-to-ou,10/18/21,,,
SC-357940840310-pp-5boely4g-MoveToOUCustomResource-1GXE2H8EPMGG,AWS Lambda,Governance-QA-ServiceCatalog,AWS Virginia,aws-lambda-list-functions,move-to-ou,10/18/21,,,
AVMNewAccountInfoRole,AWS IAM,Governance-QA-ServiceCatalog,,aws-iam-list-roles,new-account-info,,,,
SC-357940840310-pp-erslufwrhxrwy-NewAccountInfo-1LP6RHQ2C17T3,AWS Lambda,Governance-QA-ServiceCatalog,AWS Virginia,aws-lambda-list-functions,new-account-info,,,,
PrismaCloudReadOnlyRole,AWS IAM,governance-qa-decipher,,aws-iam-list-roles,prisma-provisioner,repo up to date?/seperate story,,,
PrismaCloudReadOnlyRole,AWS IAM,governance-qa-inventory,,aws-iam-list-roles,prisma-provisioner,repo up to date?/seperate story,,,
PrismaCloudReadOnlyRole,AWS IAM,governance-qa-logging,,aws-iam-list-roles,prisma-provisioner,repo up to date?/seperate story,,,
PrismaCloudReadOnlyRole,AWS IAM,governance-qa-logging-govcloud,,aws-iam-list-roles,prisma-provisioner,repo up to date?/seperate story,,,
PrismaCloudReadOnlyRole,AWS IAM,governance-qa-sandbox,,aws-iam-list-roles,prisma-provisioner,repo up to date?/seperate story,,,
PrismaCloudReadOnlyRole,AWS IAM,governance-qa-sectools-govcloud,,aws-iam-list-roles,prisma-provisioner,repo up to date?/seperate story,,,
PrismaCloudReadOnlyRole,AWS IAM,Governance-QA-ServiceCatalog,,aws-iam-list-roles,prisma-provisioner,repo up to date?/seperate story,,,
PrismaCloudReadOnlyRole,AWS IAM,governance-qa-tools,,aws-iam-list-roles,prisma-provisioner,repo up to date?/seperate story,,,
PrismaCloudReadOnlyRole,AWS IAM,mxr-governance-qa-master,,aws-iam-list-roles,prisma-provisioner,repo up to date?/seperate story,,,
PrismaCloudReadOnlyRole,AWS IAM,mxr-governance-qa-sectools,,aws-iam-list-roles,prisma-provisioner,repo up to date?/seperate story,,,
ProductsUsageScraper-IAMLambdaExecutionRole,AWS IAM,Governance-QA-ServiceCatalog,,aws-iam-list-roles,products-usage-scraper,,,,
ProductsUsageScraperQA-IAMLambdaExecution-16C8SIL92OJWK,AWS IAM,Governance-QA-ServiceCatalog,,aws-iam-list-roles,products-usage-scraper,,,,
SC-357940840310-pp-pd2lzhlqvy-ProductsUsageScraper-PeHcvqXVfBJE,AWS Lambda,Governance-QA-ServiceCatalog,AWS Virginia,aws-lambda-list-functions,products-usage-scraper-db,10/18/21,,,
ProductsUsageScraper-IAMLambdaExecutionRole,AWS IAM,governance-qa-tools,,aws-iam-list-roles,products-usage-scraper-db,10/18/21,,,
SCProductsUsageAuroraSg,Amazon VPC,governance-qa-tools,AWS Virginia,aws-ec2-describe-security-groups,products-usage-scraper-db,10/18/21,,,
SC-264426855184-pp-j42zoa-ProductsUsageScraperDBSe-ccxJmNuucGjK,AWS Lambda,governance-qa-tools,AWS Virginia,aws-lambda-list-functions,products-usage-scraper-db,10/18/21,,,
SC-264426855184-pp-j42zoat5-ProductsUsageScraperDB-cLOf3If9J9o1,AWS Lambda,governance-qa-tools,AWS Virginia,aws-lambda-list-functions,products-usage-scraper-db,10/18/21,,,
SC-357940840310-pp-zvrqd3lejji-PutMetricLambdaRole-1DRMLYZORGBY3,AWS IAM,Governance-QA-ServiceCatalog,,aws-iam-list-roles,scf-dashboard-put-metrics,,,,
SC-357940840310-pp-zvrqd3l-PutMetricLambdaFunction-1LL2GQAOJA62V,AWS Lambda,Governance-QA-ServiceCatalog,AWS Virginia,aws-lambda-list-functions,scf-dashboard-put-metrics,,,,
/servicecatalog-factory/config,AWS Systems Manager,governance-qa-sandbox,AWS Virginia,aws-ssm-parameter,service-catalog-factory,skip,,,
CodePipelineRole,AWS IAM,governance-qa-sandbox,,aws-iam-list-roles,service-catalog-factory,skip,,,
CodePipelineTriggerRole,AWS IAM,governance-qa-sandbox,,aws-iam-list-roles,service-catalog-factory,skip,,,
CodeRole,AWS IAM,governance-qa-sandbox,,aws-iam-list-roles,service-catalog-factory,skip,,,
DeliveryCodePipelineRole,AWS IAM,governance-qa-sandbox,,aws-iam-list-roles,service-catalog-factory,skip,,,
DeliveryCodeRole,AWS IAM,governance-qa-sandbox,,aws-iam-list-roles,service-catalog-factory,skip,,,
DeliverySourceRole,AWS IAM,governance-qa-sandbox,,aws-iam-list-roles,service-catalog-factory,skip,,,
FactoryCloudFormationDeployRole,AWS IAM,governance-qa-sandbox,,aws-iam-list-roles,service-catalog-factory,skip,,,
factory-initialization-stack-StartInstallLambda-ZH36PE5H6MEF,AWS Lambda,governance-qa-sandbox,AWS Virginia,aws-lambda-list-functions,service-catalog-factory,skip,,,
Initialiser,AWS IAM,governance-qa-sandbox,,aws-iam-list-roles,service-catalog-factory,skip,,,
service-catalog-factory-regional-version,AWS Systems Manager,governance-qa-sandbox,AWS Virginia,aws-ssm-parameter,service-catalog-factory,skip,,,
service-catalog-factory-regional-version,AWS Systems Manager,governance-qa-sandbox,AWS Oregon,aws-ssm-parameter,service-catalog-factory,skip,,,
service-catalog-factory-regional-version,AWS Systems Manager,governance-qa-sandbox,AWS California,aws-ssm-parameter,service-catalog-factory,skip,,,
service-catalog-factory-regional-version,AWS Systems Manager,governance-qa-sandbox,AWS Ohio,aws-ssm-parameter,service-catalog-factory,skip,,,
service-catalog-factory-regional-version,AWS Systems Manager,governance-qa-sandbox,AWS Sao Paulo,aws-ssm-parameter,service-catalog-factory,skip,,,
service-catalog-factory-regional-version,AWS Systems Manager,governance-qa-sandbox,AWS Paris,aws-ssm-parameter,service-catalog-factory,skip,,,
service-catalog-factory-regional-version,AWS Systems Manager,governance-qa-sandbox,AWS London,aws-ssm-parameter,service-catalog-factory,skip,,,
service-catalog-factory-regional-version,AWS Systems Manager,governance-qa-sandbox,AWS Ireland,aws-ssm-parameter,service-catalog-factory,skip,,,
service-catalog-factory-regional-version,AWS Systems Manager,governance-qa-sandbox,AWS Frankfurt,aws-ssm-parameter,service-catalog-factory,skip,,,
service-catalog-factory-regional-version,AWS Systems Manager,governance-qa-sandbox,AWS Canada,aws-ssm-parameter,service-catalog-factory,skip,,,
service-catalog-factory-regional-version,AWS Systems Manager,governance-qa-sandbox,AWS Sydney,aws-ssm-parameter,service-catalog-factory,skip,,,
service-catalog-factory-regional-version,AWS Systems Manager,governance-qa-sandbox,AWS Singapore,aws-ssm-parameter,service-catalog-factory,skip,,,
service-catalog-factory-regional-version,AWS Systems Manager,governance-qa-sandbox,AWS Mumbai,aws-ssm-parameter,service-catalog-factory,skip,,,
service-catalog-factory-regional-version,AWS Systems Manager,governance-qa-sandbox,AWS Seoul,aws-ssm-parameter,service-catalog-factory,skip,,,
service-catalog-factory-regional-version,AWS Systems Manager,governance-qa-sandbox,AWS Tokyo,aws-ssm-parameter,service-catalog-factory,skip,,,
service-catalog-factory-version,AWS Systems Manager,governance-qa-sandbox,AWS Virginia,aws-ssm-parameter,service-catalog-factory,skip,,,
SourceRole,AWS IAM,governance-qa-sandbox,,aws-iam-list-roles,service-catalog-factory,skip,,,
StartFactoryInstallRole,AWS IAM,governance-qa-sandbox,,aws-iam-list-roles,service-catalog-factory,skip,,,
/servicecatalog-factory/config,AWS Systems Manager,Governance-QA-ServiceCatalog,AWS Virginia,aws-ssm-parameter,service-catalog-factory,skip,,,
CloudFormationDeployRole,AWS IAM,Governance-QA-ServiceCatalog,,aws-iam-list-roles,service-catalog-factory,skip,,,
CodePipelineRole,AWS IAM,Governance-QA-ServiceCatalog,,aws-iam-list-roles,service-catalog-factory,skip,,,
CodePipelineTriggerRole,AWS IAM,Governance-QA-ServiceCatalog,,aws-iam-list-roles,service-catalog-factory,skip,,,
CodeRole,AWS IAM,Governance-QA-ServiceCatalog,,aws-iam-list-roles,service-catalog-factory,skip,,,
DeliveryCodePipelineRole,AWS IAM,Governance-QA-ServiceCatalog,,aws-iam-list-roles,service-catalog-factory,skip,,,
DeliveryCodeRole,AWS IAM,Governance-QA-ServiceCatalog,,aws-iam-list-roles,service-catalog-factory,skip,,,
DeliverySourceRole,AWS IAM,Governance-QA-ServiceCatalog,,aws-iam-list-roles,service-catalog-factory,skip,,,
FactoryCloudFormationDeployRole,AWS IAM,Governance-QA-ServiceCatalog,,aws-iam-list-roles,service-catalog-factory,skip,,,
factory-initialization-stack-StartInstallLambda-RW42WPLBNEY4,AWS Lambda,Governance-QA-ServiceCatalog,AWS Virginia,aws-lambda-list-functions,service-catalog-factory,skip,,,
Initialiser,AWS IAM,Governance-QA-ServiceCatalog,,aws-iam-list-roles,service-catalog-factory,skip,,,
service-catalog-factory-regional-version,AWS Systems Manager,Governance-QA-ServiceCatalog,AWS Seoul,aws-ssm-parameter,service-catalog-factory,skip,,,
service-catalog-factory-regional-version,AWS Systems Manager,Governance-QA-ServiceCatalog,AWS Tokyo,aws-ssm-parameter,service-catalog-factory,skip,,,
service-catalog-factory-regional-version,AWS Systems Manager,Governance-QA-ServiceCatalog,AWS Oregon,aws-ssm-parameter,service-catalog-factory,skip,,,
service-catalog-factory-regional-version,AWS Systems Manager,Governance-QA-ServiceCatalog,AWS California,aws-ssm-parameter,service-catalog-factory,skip,,,
service-catalog-factory-regional-version,AWS Systems Manager,Governance-QA-ServiceCatalog,AWS Ohio,aws-ssm-parameter,service-catalog-factory,skip,,,
service-catalog-factory-regional-version,AWS Systems Manager,Governance-QA-ServiceCatalog,AWS Virginia,aws-ssm-parameter,service-catalog-factory,skip,,,
service-catalog-factory-regional-version,AWS Systems Manager,Governance-QA-ServiceCatalog,AWS Paris,aws-ssm-parameter,service-catalog-factory,skip,,,
service-catalog-factory-regional-version,AWS Systems Manager,Governance-QA-ServiceCatalog,AWS London,aws-ssm-parameter,service-catalog-factory,skip,,,
service-catalog-factory-regional-version,AWS Systems Manager,Governance-QA-ServiceCatalog,AWS Ireland,aws-ssm-parameter,service-catalog-factory,skip,,,
service-catalog-factory-regional-version,AWS Systems Manager,Governance-QA-ServiceCatalog,AWS Frankfurt,aws-ssm-parameter,service-catalog-factory,skip,,,
service-catalog-factory-regional-version,AWS Systems Manager,Governance-QA-ServiceCatalog,AWS Canada,aws-ssm-parameter,service-catalog-factory,skip,,,
service-catalog-factory-regional-version,AWS Systems Manager,Governance-QA-ServiceCatalog,AWS Sydney,aws-ssm-parameter,service-catalog-factory,skip,,,
service-catalog-factory-regional-version,AWS Systems Manager,Governance-QA-ServiceCatalog,AWS Singapore,aws-ssm-parameter,service-catalog-factory,skip,,,
service-catalog-factory-regional-version,AWS Systems Manager,Governance-QA-ServiceCatalog,AWS Mumbai,aws-ssm-parameter,service-catalog-factory,skip,,,
service-catalog-factory-regional-version,AWS Systems Manager,Governance-QA-ServiceCatalog,AWS Sao Paulo,aws-ssm-parameter,service-catalog-factory,skip,,,
service-catalog-factory-version,AWS Systems Manager,Governance-QA-ServiceCatalog,AWS Virginia,aws-ssm-parameter,service-catalog-factory,skip,,,
SourceRole,AWS IAM,Governance-QA-ServiceCatalog,,aws-iam-list-roles,service-catalog-factory,skip,,,
StartFactoryInstallRole,AWS IAM,Governance-QA-ServiceCatalog,,aws-iam-list-roles,service-catalog-factory,skip,,,
SC-357940840310-pp-tnjzcek4lh5t6-SCLogsRole-36QCYEMSCSMX,AWS IAM,Governance-QA-ServiceCatalog,,aws-iam-list-roles,service-catalog-product-logging,,,,
EventBridgeFromSpoke,AWS IAM,governance-qa-decipher,,aws-iam-list-roles,service-catalog-puppet,skip,,,
PuppetRole,AWS IAM,governance-qa-decipher,,aws-iam-list-roles,service-catalog-puppet,skip,,,
service-catalog-puppet-spoke-version,AWS Systems Manager,governance-qa-decipher,AWS Virginia,aws-ssm-parameter,service-catalog-puppet,skip,,,
EventBridgeFromSpoke,AWS IAM,governance-qa-inventory,,aws-iam-list-roles,service-catalog-puppet,skip,,,
PuppetDeployInSpokeRole,AWS IAM,governance-qa-inventory,,aws-iam-list-roles,service-catalog-puppet,skip,,,
PuppetRole,AWS IAM,governance-qa-inventory,,aws-iam-list-roles,service-catalog-puppet,skip,,,
service-catalog-puppet-spoke-version,AWS Systems Manager,governance-qa-inventory,AWS Virginia,aws-ssm-parameter,service-catalog-puppet,skip,,,
EventBridgeFromSpoke,AWS IAM,governance-qa-logging,,aws-iam-list-roles,service-catalog-puppet,skip,,,
PuppetDeployInSpokeRole,AWS IAM,governance-qa-logging,,aws-iam-list-roles,service-catalog-puppet,skip,,,
PuppetRole,AWS IAM,governance-qa-logging,,aws-iam-list-roles,service-catalog-puppet,skip,,,
service-catalog-puppet-spoke-version,AWS Systems Manager,governance-qa-logging,AWS Virginia,aws-ssm-parameter,service-catalog-puppet,skip,,,
EventBridgeFromSpoke,AWS IAM,governance-qa-logging-govcloud,,aws-iam-list-roles,service-catalog-puppet,skip,,,
PuppetDeployInSpokeRole,AWS IAM,governance-qa-logging-govcloud,,aws-iam-list-roles,service-catalog-puppet,skip,,,
PuppetRole,AWS IAM,governance-qa-logging-govcloud,,aws-iam-list-roles,service-catalog-puppet,skip,,,
service-catalog-puppet-spoke-version,AWS Systems Manager,governance-qa-logging-govcloud,AWS Virginia,aws-ssm-parameter,service-catalog-puppet,skip,,,
/governance/account-factory/account-details-org-bootstrap/GovernanceAtScaleAccountFactoryAccountDetailsOrgRoleArn,AWS Systems Manager,governance-qa-sandbox,AWS Virginia,aws-ssm-parameter,service-catalog-puppet,skip,,,
/servicecatalog-puppet/config,AWS Systems Manager,governance-qa-sandbox,AWS Virginia,aws-ssm-parameter,service-catalog-puppet,skip,,,
/servicecatalog-puppet/home-region,AWS Systems Manager,governance-qa-sandbox,AWS Tokyo,aws-ssm-parameter,service-catalog-puppet,skip,,,
/servicecatalog-puppet/home-region,AWS Systems Manager,governance-qa-sandbox,AWS Oregon,aws-ssm-parameter,service-catalog-puppet,skip,,,
/servicecatalog-puppet/home-region,AWS Systems Manager,governance-qa-sandbox,AWS California,aws-ssm-parameter,service-catalog-puppet,skip,,,
/servicecatalog-puppet/home-region,AWS Systems Manager,governance-qa-sandbox,AWS Ohio,aws-ssm-parameter,service-catalog-puppet,skip,,,
/servicecatalog-puppet/home-region,AWS Systems Manager,governance-qa-sandbox,AWS Sao Paulo,aws-ssm-parameter,service-catalog-puppet,skip,,,
/servicecatalog-puppet/home-region,AWS Systems Manager,governance-qa-sandbox,AWS Paris,aws-ssm-parameter,service-catalog-puppet,skip,,,
/servicecatalog-puppet/home-region,AWS Systems Manager,governance-qa-sandbox,AWS London,aws-ssm-parameter,service-catalog-puppet,skip,,,
/servicecatalog-puppet/home-region,AWS Systems Manager,governance-qa-sandbox,AWS Ireland,aws-ssm-parameter,service-catalog-puppet,skip,,,
/servicecatalog-puppet/home-region,AWS Systems Manager,governance-qa-sandbox,AWS Frankfurt,aws-ssm-parameter,service-catalog-puppet,skip,,,
/servicecatalog-puppet/home-region,AWS Systems Manager,governance-qa-sandbox,AWS Canada,aws-ssm-parameter,service-catalog-puppet,skip,,,
/servicecatalog-puppet/home-region,AWS Systems Manager,governance-qa-sandbox,AWS Sydney,aws-ssm-parameter,service-catalog-puppet,skip,,,
/servicecatalog-puppet/home-region,AWS Systems Manager,governance-qa-sandbox,AWS Singapore,aws-ssm-parameter,service-catalog-puppet,skip,,,
/servicecatalog-puppet/home-region,AWS Systems Manager,governance-qa-sandbox,AWS Mumbai,aws-ssm-parameter,service-catalog-puppet,skip,,,
/servicecatalog-puppet/home-region,AWS Systems Manager,governance-qa-sandbox,AWS Seoul,aws-ssm-parameter,service-catalog-puppet,skip,,,
/servicecatalog-puppet/puppet-role/name,AWS Systems Manager,governance-qa-sandbox,AWS Virginia,aws-ssm-parameter,service-catalog-puppet,skip,,,
/servicecatalog-puppet/puppet-role/path,AWS Systems Manager,governance-qa-sandbox,AWS Virginia,aws-ssm-parameter,service-catalog-puppet,skip,,,
EventBridgeFromSpoke,AWS IAM,governance-qa-sandbox,,aws-iam-list-roles,service-catalog-puppet,skip,,,
PuppetDeployInSpokeRole,AWS IAM,governance-qa-sandbox,,aws-iam-list-roles,service-catalog-puppet,skip,,,
PuppetRole,AWS IAM,governance-qa-sandbox,,aws-iam-list-roles,service-catalog-puppet,skip,,,
service-catalog-puppet-regional-version,AWS Systems Manager,governance-qa-sandbox,AWS Tokyo,aws-ssm-parameter,service-catalog-puppet,skip,,,
service-catalog-puppet-regional-version,AWS Systems Manager,governance-qa-sandbox,AWS Oregon,aws-ssm-parameter,service-catalog-puppet,skip,,,
service-catalog-puppet-regional-version,AWS Systems Manager,governance-qa-sandbox,AWS California,aws-ssm-parameter,service-catalog-puppet,skip,,,
service-catalog-puppet-regional-version,AWS Systems Manager,governance-qa-sandbox,AWS Ohio,aws-ssm-parameter,service-catalog-puppet,skip,,,
service-catalog-puppet-regional-version,AWS Systems Manager,governance-qa-sandbox,AWS Sao Paulo,aws-ssm-parameter,service-catalog-puppet,skip,,,
service-catalog-puppet-regional-version,AWS Systems Manager,governance-qa-sandbox,AWS Paris,aws-ssm-parameter,service-catalog-puppet,skip,,,
service-catalog-puppet-regional-version,AWS Systems Manager,governance-qa-sandbox,AWS London,aws-ssm-parameter,service-catalog-puppet,skip,,,
service-catalog-puppet-regional-version,AWS Systems Manager,governance-qa-sandbox,AWS Ireland,aws-ssm-parameter,service-catalog-puppet,skip,,,
service-catalog-puppet-regional-version,AWS Systems Manager,governance-qa-sandbox,AWS Frankfurt,aws-ssm-parameter,service-catalog-puppet,skip,,,
service-catalog-puppet-regional-version,AWS Systems Manager,governance-qa-sandbox,AWS Canada,aws-ssm-parameter,service-catalog-puppet,skip,,,
service-catalog-puppet-regional-version,AWS Systems Manager,governance-qa-sandbox,AWS Sydney,aws-ssm-parameter,service-catalog-puppet,skip,,,
service-catalog-puppet-regional-version,AWS Systems Manager,governance-qa-sandbox,AWS Singapore,aws-ssm-parameter,service-catalog-puppet,skip,,,
service-catalog-puppet-regional-version,AWS Systems Manager,governance-qa-sandbox,AWS Mumbai,aws-ssm-parameter,service-catalog-puppet,skip,,,
service-catalog-puppet-regional-version,AWS Systems Manager,governance-qa-sandbox,AWS Seoul,aws-ssm-parameter,service-catalog-puppet,skip,,,
service-catalog-puppet-spoke-version,AWS Systems Manager,governance-qa-sandbox,AWS Virginia,aws-ssm-parameter,service-catalog-puppet,skip,,,
EventBridgeFromSpoke,AWS IAM,governance-qa-sectools-govcloud,,aws-iam-list-roles,service-catalog-puppet,skip,,,
PuppetDeployInSpokeRole,AWS IAM,governance-qa-sectools-govcloud,,aws-iam-list-roles,service-catalog-puppet,skip,,,
PuppetRole,AWS IAM,governance-qa-sectools-govcloud,,aws-iam-list-roles,service-catalog-puppet,skip,,,
service-catalog-puppet-spoke-version,AWS Systems Manager,governance-qa-sectools-govcloud,AWS Virginia,aws-ssm-parameter,service-catalog-puppet,skip,,,
/governance/account-factory/account-bootstrap-shared/GovernanceAtScaleAccountFactoryBootstrapperProjectCustomResourceArn,AWS Systems Manager,Governance-QA-ServiceCatalog,AWS Virginia,aws-ssm-parameter,service-catalog-puppet,skip,,,
/governance/account-factory/account-bootstrap-shared-org-bootstrap/AssumableRoleArnInRootAccountForBootstrapping,AWS Systems Manager,Governance-QA-ServiceCatalog,AWS Virginia,aws-ssm-parameter,service-catalog-puppet,skip,,,
/governance/account-factory/account-create-update-notifier/AccountCreateUpdateNotifierTopicName,AWS Systems Manager,Governance-QA-ServiceCatalog,AWS Virginia,aws-ssm-parameter,service-catalog-puppet,skip,,,
/governance/account-factory/account-creation-notifier-cfh-handler/GovernanceAtScaleCFHHandlerFunctionArn,AWS Systems Manager,Governance-QA-ServiceCatalog,AWS Virginia,aws-ssm-parameter,service-catalog-puppet,skip,,,
/governance/account-factory/account-creation-shared/GovernanceAtScaleAccountFactoryAccountCreationCRArn,AWS Systems Manager,Governance-QA-ServiceCatalog,AWS Virginia,aws-ssm-parameter,service-catalog-puppet,skip,,,
/governance/account-factory/account-creation-shared-org-bootstrap/GovernanceAtScaleAccountFactoryAccountCreationSharedOrgRoleArn,AWS Systems Manager,Governance-QA-ServiceCatalog,AWS Virginia,aws-ssm-parameter,service-catalog-puppet,skip,,,
/governance/account-factory/account-details/GovernanceAtScaleAccountFactoryAccountDetailsCRArn,AWS Systems Manager,Governance-QA-ServiceCatalog,AWS Virginia,aws-ssm-parameter,service-catalog-puppet,skip,,,
/governance/account-factory/account-details-org-bootstrap/GovernanceAtScaleAccountFactoryAccountDetailsOrgRoleArn,AWS Systems Manager,Governance-QA-ServiceCatalog,AWS Virginia,aws-ssm-parameter,service-catalog-puppet,skip,,,
/governance/account-factory/account-type-to-organizational-unit-chooser/GovernanceAtScaleAccountFactoryAccountTypeToOUChooserCRArn,AWS Systems Manager,Governance-QA-ServiceCatalog,AWS Virginia,aws-ssm-parameter,service-catalog-puppet,skip,,,
/governance/account-factory/account-waiter/GovernanceAtScaleAccountFactoryAccountWaiterCRArn,AWS Systems Manager,Governance-QA-ServiceCatalog,AWS Virginia,aws-ssm-parameter,service-catalog-puppet,skip,,,
/governance/account-factory/avm-golden-goose-notifier/GoldenGooseNotifierQueueURL,AWS Systems Manager,Governance-QA-ServiceCatalog,AWS Virginia,aws-ssm-parameter,service-catalog-puppet,skip,,,
/governance/account-factory/avm-golden-goose-notifier/GovernanceAtScaleAccountFactoryGoldenGooseNotifierCRArn,AWS Systems Manager,Governance-QA-ServiceCatalog,AWS Virginia,aws-ssm-parameter,service-catalog-puppet,skip,,,
/governance/account-factory/avm-golden-goose-pipeline-role/GovernanceAtScaleAccountFactoryGoldenGoosePipelineRoleCRArn,AWS Systems Manager,Governance-QA-ServiceCatalog,AWS Virginia,aws-ssm-parameter,service-catalog-puppet,skip,,,
/governance/account-factory/aws-service-catalog-account-creation/productid,AWS Systems Manager,Governance-QA-ServiceCatalog,AWS Virginia,aws-ssm-parameter,service-catalog-puppet,skip,,,
/governance/account-factory/govcloud-account-onboard/APIURL,AWS Systems Manager,Governance-QA-ServiceCatalog,AWS Virginia,aws-ssm-parameter,service-catalog-puppet,skip,,,
/governance/account-factory/iam-provisioner/GovernanceAtScaleAccountFactoryIAMProvisionerArn,AWS Systems Manager,Governance-QA-ServiceCatalog,AWS Virginia,aws-ssm-parameter,service-catalog-puppet,skip,,,
/governance/account-factory/inventory-inserter/GovernanceAtScaleAccountFactoryInventoryInserterArn,AWS Systems Manager,Governance-QA-ServiceCatalog,AWS Virginia,aws-ssm-parameter,service-catalog-puppet,skip,,,
/governance/account-factory/move-to-ou/GovernanceAtScaleAccountFactoryMoveToOUCRArn,AWS Systems Manager,Governance-QA-ServiceCatalog,AWS Virginia,aws-ssm-parameter,service-catalog-puppet,skip,,,
/governance/account-factory/new-account-info/GovernanceAtScaleAccountFactoryNewAccountInfoArn,AWS Systems Manager,Governance-QA-ServiceCatalog,AWS Virginia,aws-ssm-parameter,service-catalog-puppet,skip,,,
/governance/account-factory/prisma-provisioner/GovernanceAtScaleAccountFactoryPrismaProvisionerArn,AWS Systems Manager,Governance-QA-ServiceCatalog,AWS Virginia,aws-ssm-parameter,service-catalog-puppet,skip,,,
/governance/account-factory/puppet-account/commercial,AWS Systems Manager,Governance-QA-ServiceCatalog,AWS Virginia,aws-ssm-parameter,service-catalog-puppet,skip,,,
/governance/account-factory/puppet-account/govcloud,AWS Systems Manager,Governance-QA-ServiceCatalog,AWS Virginia,aws-ssm-parameter,service-catalog-puppet,skip,,,
/governance/account-factory/sso-roles-creator/GovernanceAtScaleAccountFactorySSORolesCreatorArn,AWS Systems Manager,Governance-QA-ServiceCatalog,AWS Virginia,aws-ssm-parameter,service-catalog-puppet,skip,,,
/governance/aws-config/aws-config-hub/ConfigAggregatorName,AWS Systems Manager,Governance-QA-ServiceCatalog,AWS Virginia,aws-ssm-parameter,service-catalog-puppet,skip,,,
/governance/aws-config/aws-config-hub/PolicyBucketName,AWS Systems Manager,Governance-QA-ServiceCatalog,AWS Virginia,aws-ssm-parameter,service-catalog-puppet,skip,,,
/governance/aws-config/aws-config-hub/RecorderBucketName,AWS Systems Manager,Governance-QA-ServiceCatalog,AWS Virginia,aws-ssm-parameter,service-catalog-puppet,skip,,,
/governance/cloudtrail-log-aggregator/LogAggregatorBucketArn,AWS Systems Manager,Governance-QA-ServiceCatalog,AWS Virginia,aws-ssm-parameter,service-catalog-puppet,skip,,,
/governance/cloudtrail-log-aggregator/LogAggregatorKeyArn,AWS Systems Manager,Governance-QA-ServiceCatalog,AWS Virginia,aws-ssm-parameter,service-catalog-puppet,skip,,,
/governance/cloudtrail-log-aggregator/LogAggregatorRoleArn,AWS Systems Manager,Governance-QA-ServiceCatalog,AWS Virginia,aws-ssm-parameter,service-catalog-puppet,skip,,,
/governance/cloudtrail-provisioner/CloudtrailProvisionerFunctionArn,AWS Systems Manager,Governance-QA-ServiceCatalog,AWS Virginia,aws-ssm-parameter,service-catalog-puppet,skip,,,
/governance/iam-access-analyzer-pipeline/EventBusName,AWS Systems Manager,Governance-QA-ServiceCatalog,AWS Virginia,aws-ssm-parameter,service-catalog-puppet,skip,,,
/governance/prisma/prisma-rotation/PrismaRotationKey,AWS Systems Manager,Governance-QA-ServiceCatalog,AWS Virginia,aws-ssm-parameter,service-catalog-puppet,skip,,,
/governance/prisma/prisma-rotation/PrismaSecretManager,AWS Systems Manager,Governance-QA-ServiceCatalog,AWS Virginia,aws-ssm-parameter,service-catalog-puppet,skip,,,
/governance/sc-products-usage-scraper/SQSQueueUrl,AWS Systems Manager,Governance-QA-ServiceCatalog,AWS Virginia,aws-ssm-parameter,service-catalog-puppet,skip,,,
/servicecatalog-puppet/config,AWS Systems Manager,Governance-QA-ServiceCatalog,AWS Virginia,aws-ssm-parameter,service-catalog-puppet,skip,,,
/servicecatalog-puppet/deploy/num-workers,AWS Systems Manager,Governance-QA-ServiceCatalog,AWS Virginia,aws-ssm-parameter,service-catalog-puppet,skip,,,
/servicecatalog-puppet/home-region,AWS Systems Manager,Governance-QA-ServiceCatalog,AWS Oregon,aws-ssm-parameter,service-catalog-puppet,skip,,,
/servicecatalog-puppet/home-region,AWS Systems Manager,Governance-QA-ServiceCatalog,AWS California,aws-ssm-parameter,service-catalog-puppet,skip,,,
/servicecatalog-puppet/home-region,AWS Systems Manager,Governance-QA-ServiceCatalog,AWS Ohio,aws-ssm-parameter,service-catalog-puppet,skip,,,
/servicecatalog-puppet/home-region,AWS Systems Manager,Governance-QA-ServiceCatalog,AWS Virginia,aws-ssm-parameter,service-catalog-puppet,skip,,,
/servicecatalog-puppet/home-region,AWS Systems Manager,Governance-QA-ServiceCatalog,AWS Sao Paulo,aws-ssm-parameter,service-catalog-puppet,skip,,,
/servicecatalog-puppet/home-region,AWS Systems Manager,Governance-QA-ServiceCatalog,AWS Paris,aws-ssm-parameter,service-catalog-puppet,skip,,,
/servicecatalog-puppet/home-region,AWS Systems Manager,Governance-QA-ServiceCatalog,AWS London,aws-ssm-parameter,service-catalog-puppet,skip,,,
/servicecatalog-puppet/home-region,AWS Systems Manager,Governance-QA-ServiceCatalog,AWS Ireland,aws-ssm-parameter,service-catalog-puppet,skip,,,
/servicecatalog-puppet/home-region,AWS Systems Manager,Governance-QA-ServiceCatalog,AWS Frankfurt,aws-ssm-parameter,service-catalog-puppet,skip,,,
/servicecatalog-puppet/home-region,AWS Systems Manager,Governance-QA-ServiceCatalog,AWS Canada,aws-ssm-parameter,service-catalog-puppet,skip,,,
/servicecatalog-puppet/home-region,AWS Systems Manager,Governance-QA-ServiceCatalog,AWS Sydney,aws-ssm-parameter,service-catalog-puppet,skip,,,
/servicecatalog-puppet/home-region,AWS Systems Manager,Governance-QA-ServiceCatalog,AWS Singapore,aws-ssm-parameter,service-catalog-puppet,skip,,,
/servicecatalog-puppet/home-region,AWS Systems Manager,Governance-QA-ServiceCatalog,AWS Mumbai,aws-ssm-parameter,service-catalog-puppet,skip,,,
/servicecatalog-puppet/home-region,AWS Systems Manager,Governance-QA-ServiceCatalog,AWS Seoul,aws-ssm-parameter,service-catalog-puppet,skip,,,
/servicecatalog-puppet/home-region,AWS Systems Manager,Governance-QA-ServiceCatalog,AWS Tokyo,aws-ssm-parameter,service-catalog-puppet,skip,,,
/servicecatalog-puppet/manual-approvals,AWS Systems Manager,Governance-QA-ServiceCatalog,AWS Virginia,aws-ssm-parameter,service-catalog-puppet,skip,,,
/servicecatalog-puppet/org-iam-role-arn,AWS Systems Manager,Governance-QA-ServiceCatalog,AWS Virginia,aws-ssm-parameter,service-catalog-puppet,skip,,,
/servicecatalog-puppet/partition,AWS Systems Manager,Governance-QA-ServiceCatalog,AWS Virginia,aws-ssm-parameter,service-catalog-puppet,skip,,,
/servicecatalog-puppet/puppet-role/name,AWS Systems Manager,Governance-QA-ServiceCatalog,AWS Virginia,aws-ssm-parameter,service-catalog-puppet,skip,,,
/servicecatalog-puppet/puppet-role/path,AWS Systems Manager,Governance-QA-ServiceCatalog,AWS Virginia,aws-ssm-parameter,service-catalog-puppet,skip,,,
/servicecatalog-puppet/sqs-queue/url,AWS Systems Manager,Governance-QA-ServiceCatalog,AWS Virginia,aws-ssm-parameter,service-catalog-puppet,skip,,,
EventBridgeFromSpoke,AWS IAM,Governance-QA-ServiceCatalog,,aws-iam-list-roles,service-catalog-puppet,skip,,,
PuppetCodePipelineRole,AWS IAM,Governance-QA-ServiceCatalog,,aws-iam-list-roles,service-catalog-puppet,skip,,,
PuppetDeployInSpokeRole,AWS IAM,Governance-QA-ServiceCatalog,,aws-iam-list-roles,service-catalog-puppet,skip,,,
PuppetDeployRole,AWS IAM,Governance-QA-ServiceCatalog,,aws-iam-list-roles,service-catalog-puppet,skip,,,
PuppetInitialiser,AWS IAM,Governance-QA-ServiceCatalog,,aws-iam-list-roles,service-catalog-puppet,skip,,,
puppet-initialization-stack-StartInstallLambda-1G80HFDMBAYQC,AWS Lambda,Governance-QA-ServiceCatalog,AWS Virginia,aws-lambda-list-functions,service-catalog-puppet,skip,,,
PuppetProvisioningRole,AWS IAM,Governance-QA-ServiceCatalog,,aws-iam-list-roles,service-catalog-puppet,skip,,,
PuppetRole,AWS IAM,Governance-QA-ServiceCatalog,,aws-iam-list-roles,service-catalog-puppet,skip,,,
PuppetSourceRole,AWS IAM,Governance-QA-ServiceCatalog,,aws-iam-list-roles,service-catalog-puppet,skip,,,
service-catalog-puppet-regional-version,AWS Systems Manager,Governance-QA-ServiceCatalog,AWS Oregon,aws-ssm-parameter,service-catalog-puppet,skip,,,
service-catalog-puppet-regional-version,AWS Systems Manager,Governance-QA-ServiceCatalog,AWS California,aws-ssm-parameter,service-catalog-puppet,skip,,,
service-catalog-puppet-regional-version,AWS Systems Manager,Governance-QA-ServiceCatalog,AWS Ohio,aws-ssm-parameter,service-catalog-puppet,skip,,,
service-catalog-puppet-regional-version,AWS Systems Manager,Governance-QA-ServiceCatalog,AWS Virginia,aws-ssm-parameter,service-catalog-puppet,skip,,,
service-catalog-puppet-regional-version,AWS Systems Manager,Governance-QA-ServiceCatalog,AWS Sao Paulo,aws-ssm-parameter,service-catalog-puppet,skip,,,
service-catalog-puppet-regional-version,AWS Systems Manager,Governance-QA-ServiceCatalog,AWS Paris,aws-ssm-parameter,service-catalog-puppet,skip,,,
service-catalog-puppet-regional-version,AWS Systems Manager,Governance-QA-ServiceCatalog,AWS London,aws-ssm-parameter,service-catalog-puppet,skip,,,
service-catalog-puppet-regional-version,AWS Systems Manager,Governance-QA-ServiceCatalog,AWS Ireland,aws-ssm-parameter,service-catalog-puppet,skip,,,
service-catalog-puppet-regional-version,AWS Systems Manager,Governance-QA-ServiceCatalog,AWS Frankfurt,aws-ssm-parameter,service-catalog-puppet,skip,,,
service-catalog-puppet-regional-version,AWS Systems Manager,Governance-QA-ServiceCatalog,AWS Canada,aws-ssm-parameter,service-catalog-puppet,skip,,,
service-catalog-puppet-regional-version,AWS Systems Manager,Governance-QA-ServiceCatalog,AWS Sydney,aws-ssm-parameter,service-catalog-puppet,skip,,,
service-catalog-puppet-regional-version,AWS Systems Manager,Governance-QA-ServiceCatalog,AWS Singapore,aws-ssm-parameter,service-catalog-puppet,skip,,,
service-catalog-puppet-regional-version,AWS Systems Manager,Governance-QA-ServiceCatalog,AWS Mumbai,aws-ssm-parameter,service-catalog-puppet,skip,,,
service-catalog-puppet-regional-version,AWS Systems Manager,Governance-QA-ServiceCatalog,AWS Seoul,aws-ssm-parameter,service-catalog-puppet,skip,,,
service-catalog-puppet-regional-version,AWS Systems Manager,Governance-QA-ServiceCatalog,AWS Tokyo,aws-ssm-parameter,service-catalog-puppet,skip,,,
service-catalog-puppet-spoke-version,AWS Systems Manager,Governance-QA-ServiceCatalog,AWS Virginia,aws-ssm-parameter,service-catalog-puppet,skip,,,
service-catalog-puppet-version,AWS Systems Manager,Governance-QA-ServiceCatalog,AWS Virginia,aws-ssm-parameter,service-catalog-puppet,skip,,,
ShareAcceptFunctionRole,AWS IAM,Governance-QA-ServiceCatalog,,aws-iam-list-roles,service-catalog-puppet,skip,,,
StartPuppetInstallRole,AWS IAM,Governance-QA-ServiceCatalog,,aws-iam-list-roles,service-catalog-puppet,skip,,,
/governance/account-factory/account-details-org-bootstrap/GovernanceAtScaleAccountFactoryAccountDetailsOrgRoleArn,AWS Systems Manager,governance-qa-tools,AWS Virginia,aws-ssm-parameter,service-catalog-puppet,skip,,,
/servicecatalog-puppet/puppet-role/name,AWS Systems Manager,governance-qa-tools,AWS Virginia,aws-ssm-parameter,service-catalog-puppet,skip,,,
/servicecatalog-puppet/puppet-role/path,AWS Systems Manager,governance-qa-tools,AWS Virginia,aws-ssm-parameter,service-catalog-puppet,skip,,,
EventBridgeFromSpoke,AWS IAM,governance-qa-tools,,aws-iam-list-roles,service-catalog-puppet,skip,,,
PuppetDeployInSpokeRole,AWS IAM,governance-qa-tools,,aws-iam-list-roles,service-catalog-puppet,skip,,,
PuppetRole,AWS IAM,governance-qa-tools,,aws-iam-list-roles,service-catalog-puppet,skip,,,
service-catalog-puppet-spoke-version,AWS Systems Manager,governance-qa-tools,AWS Virginia,aws-ssm-parameter,service-catalog-puppet,skip,,,
EventBridgeFromSpoke,AWS IAM,mxr-governance-qa-master,,aws-iam-list-roles,service-catalog-puppet,skip,,,
PuppetDeployInSpokeRole,AWS IAM,mxr-governance-qa-master,,aws-iam-list-roles,service-catalog-puppet,skip,,,
PuppetOrgRoleForExpands357940840310,AWS IAM,mxr-governance-qa-master,,aws-iam-list-roles,service-catalog-puppet,skip,,,
PuppetOrgRoleForExpands903175335064,AWS IAM,mxr-governance-qa-master,,aws-iam-list-roles,service-catalog-puppet,skip,,,
PuppetRole,AWS IAM,mxr-governance-qa-master,,aws-iam-list-roles,service-catalog-puppet,skip,,,
service-catalog-puppet-org-master-version-357940840310,AWS Systems Manager,mxr-governance-qa-master,AWS Virginia,aws-ssm-parameter,service-catalog-puppet,skip,,,
service-catalog-puppet-org-master-version-903175335064,AWS Systems Manager,mxr-governance-qa-master,AWS Virginia,aws-ssm-parameter,service-catalog-puppet,skip,,,
service-catalog-puppet-spoke-version,AWS Systems Manager,mxr-governance-qa-master,AWS Virginia,aws-ssm-parameter,service-catalog-puppet,skip,,,
EventBridgeFromSpoke,AWS IAM,mxr-governance-qa-sectools,,aws-iam-list-roles,service-catalog-puppet,skip,,,
PuppetDeployInSpokeRole,AWS IAM,mxr-governance-qa-sectools,,aws-iam-list-roles,service-catalog-puppet,skip,,,
PuppetRole,AWS IAM,mxr-governance-qa-sectools,,aws-iam-list-roles,service-catalog-puppet,skip,,,
service-catalog-puppet-spoke-version,AWS Systems Manager,mxr-governance-qa-sectools,AWS Virginia,aws-ssm-parameter,service-catalog-puppet,skip,,,
SC-384124098735-pp-qpnijk5mzvitu-LambdaAccessRole-1750Q16OBPEVQ,AWS IAM,governance-qa-inventory,,aws-iam-list-roles,sso-roles-creator,,,,
SC-384124098735-pp-qpnijk5-SSORolesCreatorFunction-H2WH5P19AS0G,AWS Lambda,governance-qa-inventory,AWS Virginia,aws-lambda-list-functions,sso-roles-creator,,,,
AWSConfigHub-Role,AWS IAM,governance-qa-sandbox,,aws-iam-list-roles,unknown,,,,
aws_config_bucket_events,AWS Lambda,governance-qa-tools,AWS Virginia,aws-lambda-list-functions,unknown,,,,
AWSConfigLambdaImportSnapshotT-LambdaExecutionRole-140UYJKHVN3CN,AWS IAM,governance-qa-tools,,aws-iam-list-roles,unknown,,,,
CloudCustodian-ec2Role,AWS IAM,mxr-governance-qa-master,,aws-iam-list-roles,unknown,,,,
CommercialSharedServices-ReadOrganizations,AWS IAM,mxr-governance-qa-master,,aws-iam-list-roles,unknown,,,,
custodian-ec2-tag-compliance,AWS Lambda,mxr-governance-qa-sectools,AWS Virginia,aws-lambda-list-functions,unknown,,,,
CustodianHub,AWS IAM,mxr-governance-qa-sectools,,aws-iam-list-roles,unknown,,,,
custodian-s3-tag-compliance,AWS Lambda,mxr-governance-qa-sectools,AWS Virginia,aws-lambda-list-functions,unknown,,,,